Current Step,Time Remaining,Expect,External Temp,Chamber Temp,Time,
0,999,25,0,0,0,0
0,999,25,25.2,0,5,0.1
0,999,25,23.5,0,21,0.4
0,999,25,23.1,0,38,0.6
0,999,25,23.3,0,54,0.9
0,999,25,23.7,0,71,1.2
0,999,25,23.8,0,87,1.5
0,999,25,24,0,104,1.7
0,999,25,23.8,0,120,2
0,999,25,24,0,137,2.3
0,999,25,23.9,0,153,2.6
0,999,25,24.1,0,170,2.8
0,999,25,24.2,0,186,3.1
0,999,25,24.3,0,203,3.4
0,999,25,24.3,0,219,3.7
0,999,25,24.2,0,236,3.9
0,999,25,24.2,0,252,4.2
0,999,25,24.3,0,269,4.5
0,999,25,24.3,0,285,4.8
0,999,26.5,24.7,0,302,5
0,999,28,25.5,0,319,5.3
0,999,29.4,27,0,335,5.6
0,999,30.8,28.3,0,352,5.9
0,999,32.1,29.7,0,368,6.1
0,999,33.4,31.3,0,385,6.4
0,999,34.9,32.7,0,401,6.7
0,999,36.2,34.2,0,418,7
0,999,37.6,35.9,0,434,7.2
0,999,39,37.2,0,451,7.5
0,999,40.3,38.7,0,467,7.8
0,999,41.7,40,0,484,8.1
0,999,43.1,41.2,0,500,8.3
0,999,44.4,42.4,0,517,8.6
0,999,45.8,43.6,0,533,8.9
0,999,47.1,44.6,0,550,9.2
0,999,48.6,45.7,0,566,9.4
0,999,50,46.8,0,583,9.7
0,999,50,47.7,0,599,10
0,999,50,48.7,0,616,10.3
0,999,50,49.3,0,632,10.5
0,999,50,49.8,0,649,10.8
0,999,50,50.1,0,666,11.1
0,999,50,50.3,0,682,11.4
0,999,50,50.3,0,699,11.7
0,999,50,50.4,0,715,11.9
0,999,50,50.4,0,732,12.2
0,999,50,50.4,0,748,12.5
0,999,50,50.3,0,765,12.8
0,999,50,50.2,0,781,13
0,999,50,50.2,0,798,13.3
0,999,50,50,0,814,13.6
0,999,50,50.1,0,831,13.9
0,999,50,49.9,0,847,14.1
0,999,50,49.8,0,864,14.4
0,999,50,49.6,0,880,14.7
0,999,50,49.6,0,897,15
0,999,50,49.6,0,913,15.2
0,999,50,49.4,0,930,15.5
0,999,50,49.3,0,946,15.8
0,999,50,49.3,0,963,16.1
0,999,50,49.3,0,979,16.3
0,999,50,49.3,0,996,16.6
0,999,50,49.3,0,1013,16.9
0,999,50,49.3,0,1029,17.2
0,999,50,49.3,0,1046,17.4
0,999,50,49.2,0,1062,17.7
0,999,50,49.1,0,1079,18
0,999,50,49.1,0,1095,18.3
0,999,50,49.2,0,1112,18.5
0,999,50,49.2,0,1128,18.8
0,999,50,49.2,0,1145,19.1
0,999,50,49.1,0,1161,19.4
0,999,50,48.8,0,1178,19.6
0,999,50,48.8,0,1194,19.9
0,999,50,49.1,0,1211,20.2
0,999,50,48.7,0,1227,20.5
0,999,50,48.8,0,1244,20.7
0,999,50,49,0,1260,21
0,999,50,48.8,0,1277,21.3
0,999,50,48.8,0,1293,21.6
0,999,50,48.7,0,1310,21.8
0,999,50,48.7,0,1327,22.1
0,999,50,48.7,0,1343,22.4
0,999,50,48.7,0,1360,22.7
0,999,50,48.8,0,1376,22.9
0,999,50,48.9,0,1393,23.2
0,999,50,49,0,1409,23.5
0,999,50,49,0,1426,23.8
0,999,50,48.9,0,1442,24
0,999,50,48.8,0,1459,24.3
0,999,50,48.7,0,1475,24.6
0,999,48.5,48.8,0,1492,24.9
0,999,46.7,47.7,0,1508,25.1
0,999,45.1,46.5,0,1525,25.4
0,999,43.7,45.7,0,1541,25.7
0,999,42.3,45.1,0,1558,26
0,999,41.1,44.5,0,1574,26.2
0,999,39.8,43.9,0,1591,26.5
0,999,38.3,43.2,0,1607,26.8
0,999,37,42.7,0,1624,27.1
0,999,35.6,42.1,0,1640,27.3
0,999,34.5,41.4,0,1657,27.6
0,999,33.2,40.8,0,1674,27.9
0,999,32,40.4,0,1690,28.2
0,999,31,39.8,0,1707,28.5
0,999,30,39.5,0,1723,28.7
0,999,29,38.9,0,1740,29
0,999,28,38.6,0,1756,29.3
0,999,27.2,38.4,0,1773,29.6
0,999,26.3,38.2,0,1789,29.8
0,999,25.4,36.7,0,1806,30.1
0,999,24.3,34.4,0,1822,30.4
0,999,23.7,32,0,1839,30.7
0,999,22.8,29.9,0,1855,30.9
0,999,22.1,27.9,0,1872,31.2
0,999,21.4,26.6,0,1888,31.5
0,999,20.7,25,0,1905,31.8
0,999,20,23.8,0,1921,32
0,999,19.3,22.4,0,1938,32.3
0,999,18.4,21.1,0,1954,32.6
0,999,17.8,20.2,0,1971,32.9
0,999,17.2,19,0,1988,33.1
0,999,16.4,17.9,0,2004,33.4
0,999,15.8,16.2,0,2021,33.7
0,999,15,15.3,0,2037,34
0,999,14.3,14.4,0,2054,34.2
0,999,13.4,13.4,0,2070,34.5
0,999,12.8,12.8,0,2087,34.8
0,999,12.2,12.3,0,2103,35.1
0,999,11.8,11.3,0,2120,35.3
0,999,11.3,10.6,0,2136,35.6
0,999,10.9,10.1,0,2153,35.9
0,999,10.5,9.5,0,2169,36.2
0,999,10.3,9,0,2186,36.4
0,999,10,8.1,0,2202,36.7
0,999,9.2,7.6,0,2219,37
0,999,8.6,7.2,0,2235,37.3
0,999,8,7.2,0,2252,37.5
0,999,7.3,6.8,0,2268,37.8
0,999,6.8,6.3,0,2285,38.1
0,999,6.3,6,0,2301,38.4
0,999,5.9,5.4,0,2318,38.6
0,999,5.4,5.1,0,2335,38.9
0,999,5,4.8,0,2351,39.2
0,999,4.5,4.5,0,2368,39.5
0,999,4.2,4.2,0,2384,39.7
0,999,3.6,3.8,0,2401,40
0,999,3.3,3.3,0,2417,40.3
0,999,2.8,2.7,0,2434,40.6
0,999,2.3,2.3,0,2450,40.8
0,999,1.9,2.3,0,2467,41.1
0,999,1.5,1.9,0,2483,41.4
0,999,1,1.4,0,2500,41.7
0,999,0.6,1.1,0,2516,41.9
0,999,0.2,0.8,0,2533,42.2
0,999,0,0.1,0,2549,42.5
0,999,-0.2,-0.2,0,2566,42.8
0,999,-0.6,-0.6,0,2582,43
0,999,-0.9,-0.9,0,2599,43.3
0,999,-1.1,-1.1,0,2615,43.6
0,999,-1.8,-1.8,0,2632,43.9
0,999,-2.1,-2.1,0,2648,44.1
0,999,-2.4,-2.4,0,2665,44.4
0,999,-2.8,-3.1,0,2682,44.7
0,999,-3.2,-3.2,0,2698,45
0,999,-3.6,-3.7,0,2715,45.3
0,999,-4,-4.1,0,2731,45.5
0,999,-4.4,-4.6,0,2748,45.8
0,999,-4.8,-5.1,0,2764,46.1
0,999,-4.9,-5.3,0,2781,46.4
0,999,-5,-5.6,0,2797,46.6
0,999,-5,-6,0,2814,46.9
0,999,-5,-5.7,0,2830,47.2
0,999,-5,-5.7,0,2847,47.5
0,999,-5,-5.8,0,2863,47.7
0,999,-5,-6,0,2880,48
0,999,-5,-6,0,2896,48.3
0,999,-5,-5.7,0,2913,48.6
0,999,-5,-5.7,0,2929,48.8
0,999,-5,-6,0,2946,49.1
0,999,-5,-5.6,0,2962,49.4
0,999,-5,-5.7,0,2979,49.7
0,999,-5,-5.7,0,2996,49.9
0,999,-5,-5.5,0,3012,50.2
0,999,-5,-5.4,0,3029,50.5
0,999,-5,-5.4,0,3045,50.8
0,999,-5,-5.5,0,3062,51
0,999,-5,-5.5,0,3078,51.3
0,999,-5,-5.2,0,3095,51.6
0,999,-5,-5.4,0,3111,51.9
0,999,-5,-5.5,0,3128,52.1
0,999,-5,-5.4,0,3144,52.4
0,999,-5,-5.1,0,3161,52.7
0,999,-5,-5.1,0,3177,53
0,999,-5,-5.3,0,3194,53.2
0,999,-5,-5.1,0,3210,53.5
0,999,-5,-5,0,3227,53.8
0,999,-5,-5,0,3243,54.1
0,999,-5,-5.2,0,3260,54.3
0,999,-5,-5,0,3276,54.6
0,999,-5,-5.1,0,3293,54.9
0,999,-5,-5.1,0,3309,55.2
0,999,-5,-5.1,0,3326,55.4
0,999,-5,-5,0,3343,55.7
0,999,-5,-5,0,3359,56
0,999,-5,-5.2,0,3376,56.3
0,999,-5,-5.1,0,3392,56.5
0,999,-5,-5.1,0,3409,56.8
0,999,-5,-5.1,0,3425,57.1
0,999,-5,-5.1,0,3442,57.4
0,999,-5,-5.1,0,3458,57.6
0,999,-5,-5.1,0,3475,57.9
0,999,-5,-5.2,0,3491,58.2
0,999,-5,-5.2,0,3508,58.5
0,999,-5,-5.2,0,3524,58.7
0,999,-5,-5.1,0,3541,59
0,999,-5,-5.1,0,3557,59.3
0,999,-5,-5.1,0,3574,59.6
0,999,-5,-5.1,0,3590,59.8
0,999,-5,-4.9,0,3607,60.1
0,999,-5,-5.1,0,3623,60.4
0,999,-5,-5.2,0,3640,60.7
0,999,-5,-5.1,0,3656,60.9
0,999,-5,-5.2,0,3673,61.2
0,999,-5,-5.1,0,3690,61.5
0,999,-4,-4.4,0,3706,61.8
0,999,-3.1,-2.6,0,3723,62.1
0,999,-2,-1.1,0,3739,62.3
0,999,-0.7,0.3,0,3756,62.6
0,999,0.5,1.6,0,3772,62.9
0,999,1.8,3.1,0,3789,63.2
0,999,3.3,4.4,0,3805,63.4
0,999,4.7,5.9,0,3822,63.7
0,999,6.3,7.4,0,3838,64
0,999,7.8,8.9,0,3855,64.3
0,999,9.2,10.5,0,3871,64.5
0,999,10.7,12,0,3888,64.8
0,999,11.9,13.4,0,3904,65.1
0,999,13.2,14.9,0,3921,65.4
0,999,14.5,16.1,0,3937,65.6
0,999,15.8,17.4,0,3954,65.9
0,999,17.1,18.7,0,3970,66.2
0,999,18.6,20,0,3987,66.5
0,999,19.7,21.1,0,4004,66.7
0,999,20.7,22.2,0,4020,67
0,999,22.3,23.3,0,4037,67.3
0,999,23.7,24.2,0,4053,67.6
0,999,24.7,25.3,0,4070,67.8
0,999,26,26.4,0,4086,68.1
0,999,27.5,27.5,0,4103,68.4
0,999,28.7,28.6,0,4119,68.7
0,999,29.8,29.8,0,4136,68.9
0,999,30.5,30.7,0,4152,69.2
0,999,31.8,31.8,0,4169,69.5
0,999,33.1,32.8,0,4185,69.8
0,999,34.4,34.1,0,4202,70
0,999,35.9,35.6,0,4218,70.3
0,999,37.1,37,0,4235,70.6
0,999,38.2,38.2,0,4251,70.9
0,999,39.1,39.3,0,4268,71.1
0,999,40.1,40.5,0,4284,71.4
0,999,41.2,41.8,0,4301,71.7
0,999,42.6,43.1,0,4317,72
0,999,44,44.4,0,4334,72.2
0,999,45.3,45.7,0,4351,72.5
0,999,46.5,47,0,4367,72.8
0,999,47.9,48.4,0,4384,73.1
0,999,49.1,49.6,0,4400,73.3
0,999,50,50.2,0,4417,73.6
0,999,50,50.4,0,4433,73.9
0,999,50,50.5,0,4450,74.2
0,999,50,50.5,0,4466,74.4
0,999,50,50.6,0,4483,74.7
0,999,50,50.6,0,4499,75
0,999,50,50.6,0,4516,75.3
0,999,50,50.6,0,4532,75.5
0,999,50,50.7,0,4549,75.8
0,999,50,50.6,0,4565,76.1
0,999,50,50.3,0,4582,76.4
0,999,50,50.2,0,4598,76.6
0,999,50,50.2,0,4615,76.9
0,999,50,50.1,0,4631,77.2
0,999,50,50.1,0,4648,77.5
0,999,50,49.8,0,4664,77.7
0,999,50,49.8,0,4681,78
0,999,50,49.7,0,4698,78.3
0,999,50,49.6,0,4714,78.6
0,999,50,49.5,0,4731,78.9
0,999,50,49.3,0,4747,79.1
0,999,50,49.5,0,4764,79.4
0,999,50,49.3,0,4780,79.7
0,999,50,49.3,0,4797,80
0,999,50,49.2,0,4813,80.2
0,999,50,49.2,0,4830,80.5
0,999,50,49.2,0,4846,80.8
0,999,50,49.3,0,4863,81.1
0,999,50,49.2,0,4879,81.3
0,999,50,49.2,0,4896,81.6
0,999,50,49.2,0,4912,81.9
0,999,50,49.1,0,4929,82.2
0,999,50,49,0,4945,82.4
0,999,50,49,0,4962,82.7
0,999,50,49,0,4978,83
0,999,50,49.1,0,4995,83.3
0,999,50,49.1,0,5011,83.5
0,999,50,48.8,0,5028,83.8
0,999,50,48.8,0,5045,84.1
0,999,50,48.8,0,5061,84.4
0,999,50,48.9,0,5078,84.6
0,999,50,48.8,0,5094,84.9
0,999,50,48.9,0,5111,85.2
0,999,50,48.9,0,5127,85.5
0,999,50,48.8,0,5144,85.7
0,999,50,48.9,0,5160,86
0,999,50,48.9,0,5177,86.3
0,999,50,48.8,0,5193,86.6
0,999,50,49.1,0,5210,86.8
0,999,50,48.9,0,5226,87.1
0,999,50,48.9,0,5243,87.4
0,999,50,48.1,0,5259,87.7
0,999,48.5,46.9,0,5276,87.9
0,999,46.7,45.9,0,5292,88.2
0,999,45.1,45.1,0,5309,88.5
0,999,43.7,44.6,0,5325,88.8
0,999,42.3,44,0,5342,89
0,999,41.1,43.2,0,5359,89.3
0,999,39.8,42.5,0,5375,89.6
0,999,38.3,42,0,5392,89.9
0,999,37,41.2,0,5408,90.1
0,999,35.6,40.5,0,5425,90.4
0,999,34.5,39.7,0,5441,90.7
0,999,33.2,39.1,0,5458,91
0,999,32,38.7,0,5474,91.2
0,999,31,38.2,0,5491,91.5
0,999,30,37.8,0,5507,91.8
0,999,29,37.6,0,5524,92.1
0,999,28,37.3,0,5540,92.3
0,999,27.2,36.6,0,5557,92.6
0,999,26.3,34.9,0,5573,92.9
0,999,25.4,33.2,0,5590,93.2
0,999,24.3,31.2,0,5606,93.4
0,999,23.7,29.1,0,5623,93.7
0,999,22.8,27.6,0,5640,94
0,999,22.1,26,0,5656,94.3
0,999,21.4,24.2,0,5673,94.6
0,999,20.7,23,0,5689,94.8
0,999,20,21.4,0,5706,95.1
0,999,19.3,20.1,0,5722,95.4
0,999,18.4,19.2,0,5739,95.7
0,999,17.8,17.9,0,5755,95.9
0,999,17.2,16.6,0,5772,96.2
0,999,16.4,15.6,0,5788,96.5
0,999,15.8,14.2,0,5805,96.8
0,999,15,13.6,0,5821,97
0,999,14.3,12.7,0,5838,97.3
0,999,13.4,12.5,0,5854,97.6
0,999,12.8,11.6,0,5871,97.9
0,999,12.2,11.2,0,5887,98.1
0,999,11.8,10.5,0,5904,98.4
0,999,11.3,9.5,0,5920,98.7
0,999,10.9,9.3,0,5937,99
0,999,10.5,8.3,0,5953,99.2
0,999,10.3,7.8,0,5970,99.5
0,999,10,7.7,0,5987,99.8
0,999,9.2,7.2,0,6003,100.1
0,999,8.6,6.8,0,6020,100.3
0,999,8,6.5,0,6036,100.6
0,999,7.3,6,0,6053,100.9
0,999,6.8,5.7,0,6069,101.2
0,999,6.3,5.5,0,6086,101.4
0,999,5.9,5.3,0,6102,101.7
0,999,5.4,4.9,0,6119,102
0,999,5,4.3,0,6135,102.3
0,999,4.5,3.9,0,6152,102.5
0,999,4.2,3.7,0,6168,102.8
0,999,3.6,3.2,0,6185,103.1
0,999,3.3,2.7,0,6201,103.4
0,999,2.8,2.4,0,6218,103.6
0,999,2.3,2,0,6234,103.9
0,999,1.9,1.7,0,6251,104.2
0,999,1.5,1.2,0,6267,104.5
0,999,1,1.1,0,6284,104.7
0,999,0.6,0.7,0,6300,105
0,999,0.2,0,0,6317,105.3
0,999,0,-0.3,0,6334,105.6
0,999,-0.2,-0.6,0,6350,105.8
0,999,-0.6,-1.1,0,6367,106.1
0,999,-0.9,-1.2,0,6383,106.4
0,999,-1.1,-1.7,0,6400,106.7
0,999,-1.8,-2.2,0,6416,106.9
0,999,-2.1,-2.7,0,6433,107.2
0,999,-2.4,-3.1,0,6449,107.5
0,999,-2.8,-3.3,0,6466,107.8
0,999,-3.2,-3.8,0,6482,108
0,999,-3.6,-4.1,0,6499,108.3
0,999,-4,-4.7,0,6515,108.6
0,999,-4.4,-4.9,0,6532,108.9
0,999,-4.8,-5.2,0,6548,109.1
0,999,-4.9,-5.5,0,6565,109.4
0,999,-5,-5.8,0,6581,109.7
0,999,-5,-5.5,0,6598,110
0,999,-5,-5.5,0,6614,110.2
0,999,-5,-5.5,0,6631,110.5
0,999,-5,-5.5,0,6647,110.8
0,999,-5,-5.6,0,6664,111.1
0,999,-5,-5.5,0,6681,111.4
0,999,-5,-5.6,0,6697,111.6
0,999,-5,-5.5,0,6714,111.9
0,999,-5,-5.6,0,6730,112.2
0,999,-5,-5.4,0,6747,112.5
0,999,-5,-5.5,0,6763,112.7
0,999,-5,-5.5,0,6780,113
0,999,-5,-5.2,0,6796,113.3
0,999,-5,-5,0,6813,113.6
0,999,-5,-5.2,0,6830,113.8
0,999,-5,-5.3,0,6846,114.1
0,999,-5,-5.2,0,6863,114.4
0,999,-5,-5.2,0,6879,114.7
0,999,-5,-5.2,0,6896,114.9
0,999,-5,-5.2,0,6912,115.2
0,999,-5,-5.1,0,6929,115.5
0,999,-5,-5,0,6945,115.8
0,999,-5,-4.9,0,6962,116
0,999,-5,-5,0,6978,116.3
0,999,-5,-5.1,0,6995,116.6
0,999,-5,-5.1,0,7011,116.9
0,999,-5,-5,0,7028,117.1
0,999,-5,-5,0,7044,117.4
0,999,-5,-4.8,0,7061,117.7
0,999,-5,-4.8,0,7077,118
0,999,-5,-4.8,0,7094,118.2
0,999,-5,-4.8,0,7110,118.5
0,999,-5,-5,0,7127,118.8
0,999,-5,-5.1,0,7144,119.1
0,999,-5,-5,0,7160,119.3
0,999,-5,-5,0,7177,119.6
0,999,-5,-5,0,7193,119.9
0,999,-5,-5,0,7210,120.2
0,999,-5,-4.9,0,7226,120.4
0,999,-5,-4.9,0,7243,120.7
0,999,-5,-4.8,0,7259,121
0,999,-5,-4.9,0,7276,121.3
0,999,-5,-4.9,0,7292,121.5
0,999,-5,-4.9,0,7309,121.8
0,999,-5,-5,0,7325,122.1
0,999,-5,-4.9,0,7342,122.4
0,999,-5,-4.9,0,7358,122.6
0,999,-5,-4.9,0,7375,122.9
0,999,-5,-4.9,0,7391,123.2
0,999,-5,-4.8,0,7408,123.5
0,999,-5,-4.9,0,7424,123.7
0,999,-5,-4.9,0,7441,124
0,999,-5,-4.3,0,7458,124.3
0,999,-5,-2.3,0,7474,124.6
0,999,-4,-0.7,0,7491,124.9
0,999,-3.1,0.5,0,7507,125.1
0,999,-2.3,1.8,0,7524,125.4
0,999,-0.7,3.3,0,7540,125.7
0,999,0.5,4.7,0,7557,126
0,999,1.8,6.3,0,7573,126.2
0,999,3.3,7.8,0,7590,126.5
0,999,4.7,9.2,0,7606,126.8
0,999,6.3,10.7,0,7623,127.1
0,999,7.8,12.1,0,7639,127.3
0,999,9.2,13.5,0,7656,127.6
0,999,10.7,14.9,0,7672,127.9
0,999,11.9,16.1,0,7689,128.2
0,999,13.2,17.3,0,7705,128.4
0,999,14.5,18.6,0,7722,128.7
0,999,15.8,19.7,0,7738,129
0,999,17.1,20.7,0,7755,129.3
0,999,18.6,21.9,0,7771,129.5
0,999,19.7,23,0,7788,129.8
0,999,20.7,23.9,0,7805,130.1
0,999,22.3,25,0,7821,130.4
0,999,23.7,26.1,0,7838,130.6
0,999,24.7,27.1,0,7854,130.9
0,999,26,28.1,0,7871,131.2
0,999,27.5,29.1,0,7887,131.5
0,999,28.7,30.1,0,7904,131.7
0,999,30,31.3,0,7920,132
0,999,31.3,32.9,0,7937,132.3
0,999,32.8,34.2,0,7953,132.6
0,999,33.9,35.5,0,7970,132.8
0,999,35,36.8,0,7986,133.1
0,999,36,38,0,8003,133.4
0,999,37.1,39.6,0,8019,133.7
0,999,38.5,41,0,8036,133.9
0,999,39.8,42.6,0,8052,134.2
0,999,40.9,44.1,0,8069,134.5
0,999,41.5,45.7,0,8085,134.8
0,999,43.3,47.2,0,8102,135
0,999,44.3,49,0,8119,135.3
0,999,45.8,50.2,0,8135,135.6
0,999,47,50.5,0,8152,135.9
0,999,48.3,50.9,0,8168,136.1
0,999,49.3,51,0,8185,136.4
0,999,50,50.9,0,8201,136.7
0,999,50,50.9,0,8218,137
0,999,50,50.9,0,8234,137.2
0,999,50,50.8,0,8251,137.5
0,999,50,50.8,0,8267,137.8
0,999,50,50.6,0,8284,138.1
0,999,50,50.5,0,8300,138.3
0,999,50,50.4,0,8317,138.6
0,999,50,50.3,0,8333,138.9
0,999,50,50.1,0,8350,139.2
0,999,50,50,0,8366,139.4
0,999,50,49.9,0,8383,139.7
0,999,50,49.8,0,8399,140
0,999,50,49.8,0,8416,140.3
0,999,50,49.6,0,8432,140.5
0,999,50,49.6,0,8449,140.8
0,999,50,49.5,0,8466,141.1
0,999,50,49.5,0,8482,141.4
0,999,50,49.5,0,8499,141.7
0,999,50,49.3,0,8515,141.9
0,999,50,49.3,0,8532,142.2
0,999,50,49.2,0,8548,142.5
0,999,50,49.2,0,8565,142.8
0,999,50,49,0,8581,143
0,999,50,49,0,8598,143.3
0,999,50,49.1,0,8614,143.6
0,999,50,49.2,0,8631,143.9
0,999,50,49,0,8647,144.1
0,999,50,49,0,8664,144.4
0,999,50,49,0,8680,144.7
0,999,50,49,0,8697,145
0,999,50,49,0,8713,145.2
0,999,50,49.2,0,8730,145.5
0,999,50,49,0,8746,145.8
0,999,50,48.9,0,8763,146.1
0,999,50,48.9,0,8779,146.3
0,999,50,48.9,0,8796,146.6
0,999,50,48.9,0,8813,146.9
0,999,50,49,0,8829,147.2
0,999,50,49,0,8846,147.4
0,999,50,48.9,0,8862,147.7
0,999,50,48.8,0,8879,148
0,999,50,48.8,0,8895,148.3
0,999,50,48.9,0,8912,148.5
0,999,50,48.9,0,8928,148.8
0,999,50,49,0,8945,149.1
0,999,50,49.1,0,8961,149.4
0,999,50,48.9,0,8978,149.6
0,999,50,49,0,8994,149.9
0,999,50,48,0,9011,150.2
0,999,50,46.7,0,9027,150.5
0,999,50,45.7,0,9044,150.7
0,999,48.5,45.1,0,9060,151
0,999,46.7,44.6,0,9077,151.3
0,999,45.1,43.9,0,9093,151.6
0,999,43.7,43.1,0,9110,151.8
0,999,42.3,42.2,0,9127,152.1
0,999,41.1,41.5,0,9143,152.4
0,999,39.8,40.8,0,9160,152.7
0,999,38.3,40.3,0,9176,152.9
0,999,37,39.5,0,9193,153.2
0,999,35.6,39,0,9209,153.5
0,999,34.5,38.4,0,9226,153.8
0,999,33.2,37.8,0,9242,154
0,999,32,37.6,0,9259,154.3
0,999,31,37.6,0,9275,154.6
0,999,30,37.3,0,9292,154.9
0,999,29,36,0,9308,155.1
0,999,28,34.2,0,9325,155.4
0,999,27.2,32.2,0,9341,155.7
0,999,26.3,30.3,0,9358,156
0,999,25.4,28.8,0,9374,156.2
0,999,24.3,26.8,0,9391,156.5
0,999,23.7,25.2,0,9407,156.8
0,999,22.8,23.6,0,9424,157.1
0,999,22.1,22.1,0,9440,157.3
0,999,21.4,20.8,0,9457,157.6
0,999,20.7,19.6,0,9474,157.9
0,999,20,18.5,0,9490,158.2
0,999,19.3,17,0,9507,158.5
0,999,18.4,15.8,0,9523,158.7
0,999,17.8,15,0,9540,159
0,999,17.2,14,0,9556,159.3
0,999,16.4,13.5,0,9573,159.6
0,999,15.8,13.4,0,9589,159.8
0,999,15,11.9,0,9606,160.1
0,999,14.3,11.7,0,9622,160.4
0,999,13.4,10.9,0,9639,160.7
0,999,12.8,10.7,0,9655,160.9
0,999,12.2,9.8,0,9672,161.2
0,999,11.8,9.1,0,9688,161.5
0,999,11.3,8.8,0,9705,161.8
0,999,10.9,8.1,0,9721,162
0,999,10.5,7.6,0,9738,162.3
0,999,10.3,7.2,0,9754,162.6
0,999,10,7,0,9771,162.9
0,999,9.2,6.6,0,9788,163.1
0,999,8.6,6.2,0,9804,163.4
0,999,8,5.6,0,9821,163.7
0,999,7.3,5.3,0,9837,164
0,999,6.8,5.1,0,9854,164.2
0,999,6.3,4.4,0,9870,164.5
0,999,5.9,4.2,0,9887,164.8
0,999,5.4,3.9,0,9903,165.1
0,999,5,3.6,0,9920,165.3
0,999,4.5,3.3,0,9936,165.6
0,999,4.2,2.7,0,9953,165.9
0,999,3.6,2.3,0,9969,166.2
0,999,3.3,1.9,0,9986,166.4
0,999,2.8,1.6,0,10002,166.7
0,999,2.3,1.2,0,10019,167
0,999,1.9,0.8,0,10035,167.3
0,999,1.5,0.1,0,10052,167.5
0,999,1,0.1,0,10068,167.8
0,999,0.6,-0.3,0,10085,168.1
0,999,0.2,-0.6,0,10101,168.4
0,999,0,-1.2,0,10118,168.6
0,999,-0.2,-1.5,0,10135,168.9
0,999,-0.6,-1.7,0,10151,169.2
0,999,-0.9,-2.3,0,10168,169.5
0,999,-1.1,-2.6,0,10184,169.7
0,999,-1.8,-3.1,0,10201,170
0,999,-2.1,-3.6,0,10217,170.3
0,999,-2.4,-4,0,10234,170.6
0,999,-2.8,-4.3,0,10250,170.8
0,999,-3.2,-4.6,0,10267,171.1
0,999,-3.6,-5,0,10283,171.4
0,999,-4,-5.6,0,10300,171.7
0,999,-4.4,-6,0,10316,171.9
0,999,-4.8,-6,0,10333,172.2
0,999,-4.9,-6,0,10349,172.5
0,999,-5,-5.7,0,10366,172.8
0,999,-5,-5.7,0,10382,173
0,999,-5,-5.7,0,10399,173.3
0,999,-5,-5.4,0,10415,173.6
0,999,-5,-5.7,0,10432,173.9
0,999,-5,-5.7,0,10449,174.2
0,999,-5,-5.6,0,10465,174.4
0,999,-5,-5.3,0,10482,174.7
0,999,-5,-5.3,0,10498,175
0,999,-5,-5.3,0,10515,175.3
0,999,-5,-5.5,0,10531,175.5
0,999,-5,-5.3,0,10548,175.8
0,999,-5,-5.3,0,10564,176.1
0,999,-5,-5.2,0,10581,176.4
0,999,-5,-5.1,0,10597,176.6
0,999,-5,-5.2,0,10614,176.9
0,999,-5,-5.1,0,10630,177.2
0,999,-5,-5.2,0,10647,177.5
0,999,-5,-5.2,0,10663,177.7
0,999,-5,-5.2,0,10680,178
0,999,-5,-5.1,0,10696,178.3
0,999,-5,-5,0,10713,178.6
0,999,-5,-5.1,0,10729,178.8
0,999,-5,-5.2,0,10746,179.1
0,999,-5,-5.1,0,10763,179.4
0,999,-5,-5.2,0,10779,179.7
0,999,-5,-5.1,0,10796,179.9
0,999,-5,-5,0,10812,180.2
0,999,-5,-5.1,0,10829,180.5
0,999,-5,-5.1,0,10845,180.8
0,999,-5,-5,0,10862,181
0,999,-5,-5,0,10878,181.3
0,999,-5,-4.8,0,10895,181.6
0,999,-5,-4.8,0,10911,181.9
0,999,-5,-4.8,0,10928,182.1
0,999,-5,-4.8,0,10944,182.4
0,999,-5,-4.8,0,10961,182.7
0,999,-5,-5.2,0,10977,183
0,999,-5,-4.9,0,10994,183.2
0,999,-5,-5.1,0,11010,183.5
0,999,-5,-4.9,0,11027,183.8
0,999,-5,-4.9,0,11043,184.1
0,999,-5,-4.9,0,11060,184.3
0,999,-5,-5,0,11076,184.6
0,999,-5,-5.1,0,11093,184.9
0,999,-5,-4.9,0,11110,185.2
0,999,-5,-5.1,0,11126,185.4
0,999,-5,-4.9,0,11143,185.7
0,999,-5,-4.8,0,11159,186
0,999,-5,-4.9,0,11176,186.3
0,999,-5,-4.8,0,11192,186.5
0,999,-5,-3.4,0,11209,186.8
0,999,-5,-1.8,0,11226,187.1
0,999,-5,-0.3,0,11242,187.4
0,999,-5,1,0,11259,187.7
0,999,-3.6,2.4,0,11275,187.9
0,999,-2.3,3.9,0,11292,188.2
0,999,-0.7,5.4,0,11308,188.5
0,999,0.5,6.8,0,11325,188.8
0,999,1.8,8.3,0,11341,189
0,999,3.3,9.8,0,11358,189.3
0,999,4.7,11.4,0,11374,189.6
0,999,6.3,12.9,0,11391,189.9
0,999,7.8,14.2,0,11407,190.1
0,999,9.2,15.4,0,11424,190.4
0,999,10.7,16.8,0,11440,190.7
0,999,11.9,18,0,11457,191
0,999,13.2,19.2,0,11473,191.2
0,999,14.5,20.3,0,11490,191.5
0,999,15.8,21.5,0,11507,191.8
0,999,17.1,22.5,0,11523,192.1
0,999,18.6,23.6,0,11540,192.3
0,999,19.7,24.6,0,11556,192.6
0,999,20.7,25.7,0,11573,192.9
0,999,22.3,26.7,0,11589,193.2
0,999,23.7,27.7,0,11606,193.4
0,999,24.7,28.8,0,11622,193.7
0,999,26,29.8,0,11639,194
0,999,27.5,30.7,0,11655,194.3
0,999,28.7,31.9,0,11672,194.5
0,999,30,33.2,0,11688,194.8
0,999,31.3,34.7,0,11705,195.1
0,999,32.8,35.9,0,11721,195.4
0,999,33.7,37.3,0,11738,195.6
0,999,35,38.6,0,11754,195.9
0,999,36,39.9,0,11771,196.2
0,999,37,41.3,0,11787,196.5
0,999,37.8,43.1,0,11804,196.7
0,999,38.9,44.7,0,11820,197
0,999,39.8,46.2,0,11837,197.3
0,999,41,48,0,11854,197.6
0,999,42.2,49.4,0,11870,197.8
0,999,43.2,50.7,0,11887,198.1
0,999,44.5,50.7,0,11903,198.4
0,999,45.8,51,0,11920,198.7
0,999,47.2,51,0,11936,198.9
0,999,48.3,51,0,11953,199.2
0,999,49.2,51,0,11969,199.5
0,999,50,50.8,0,11986,199.8
0,999,50,50.7,0,12002,200
0,999,50,50.7,0,12019,200.3
0,999,50,50.5,0,12035,200.6
0,999,50,50.4,0,12052,200.9
0,999,50,50.1,0,12068,201.1
0,999,50,50.1,0,12085,201.4
0,999,50,50,0,12101,201.7
0,999,50,49.9,0,12118,202
0,999,50,49.8,0,12134,202.2
0,999,50,49.8,0,12151,202.5
0,999,50,49.7,0,12167,202.8
0,999,50,49.5,0,12184,203.1
0,999,50,49.4,0,12201,203.4
0,999,50,49.4,0,12217,203.6
0,999,50,49.3,0,12234,203.9
0,999,50,49.3,0,12250,204.2
0,999,50,49.3,0,12267,204.5
0,999,50,49.3,0,12283,204.7
0,999,50,49.3,0,12300,205
0,999,50,49.2,0,12316,205.3
0,999,50,49.2,0,12333,205.6
0,999,50,49.1,0,12349,205.8
0,999,50,49.1,0,12366,206.1
0,999,50,49,0,12382,206.4
0,999,50,49.1,0,12399,206.7
0,999,50,49.1,0,12415,206.9
0,999,50,49.1,0,12432,207.2
0,999,50,48.8,0,12448,207.5
0,999,50,48.9,0,12465,207.8
0,999,50,48.9,0,12481,208
0,999,50,48.9,0,12498,208.3
0,999,50,48.9,0,12514,208.6
0,999,50,48.9,0,12531,208.9
0,999,50,48.9,0,12548,209.1
0,999,50,48.8,0,12564,209.4
0,999,50,48.8,0,12581,209.7
0,999,50,48.8,0,12597,210
0,999,50,48.7,0,12614,210.2
0,999,50,48.6,0,12630,210.5
0,999,50,48.8,0,12647,210.8
0,999,50,48.8,0,12663,211.1
0,999,50,48.8,0,12680,211.3
0,999,50,48.7,0,12696,211.6
0,999,50,48.7,0,12713,211.9
0,999,50,48.8,0,12729,212.2
0,999,50,48.2,0,12746,212.4
0,999,50,47.2,0,12762,212.7
0,999,50,46.2,0,12779,213
0,999,50,45.4,0,12795,213.3
0,999,50,44.7,0,12812,213.5
0,999,48.5,44.1,0,12828,213.8
0,999,46.7,43.7,0,12845,214.1
0,999,45.1,42.9,0,12862,214.4
0,999,43.7,41.9,0,12878,214.6
0,999,42.3,41.5,0,12895,214.9
0,999,41.1,40.8,0,12911,215.2
0,999,39.8,40.1,0,12928,215.5
0,999,38.3,39.4,0,12944,215.7
0,999,37,39,0,12961,216
0,999,35.6,38.5,0,12977,216.3
0,999,34.5,38.1,0,12994,216.6
0,999,33.2,37.8,0,13010,216.8
0,999,32,37.7,0,13027,217.1
0,999,31,37.1,0,13043,217.4
0,999,30,35.6,0,13060,217.7
0,999,29,33.7,0,13076,217.9
0,999,28,31.7,0,13093,218.2
0,999,27.2,30.1,0,13109,218.5
0,999,26.3,28.3,0,13126,218.8
0,999,25.4,26.4,0,13142,219
0,999,24.3,24.9,0,13159,219.3
0,999,23.7,23.5,0,13175,219.6
0,999,22.8,22.3,0,13192,219.9
0,999,22.1,21.4,0,13209,220.2
0,999,21.4,19.9,0,13225,220.4
0,999,20.7,18.5,0,13242,220.7
0,999,20,17,0,13258,221
0,999,19.3,15.9,0,13275,221.3
0,999,18.4,14.8,0,13291,221.5
0,999,17.8,14,0,13308,221.8
0,999,17.2,12.9,0,13324,222.1
0,999,16.4,12.1,0,13341,222.4
0,999,15.8,11.3,0,13357,222.6
0,999,15,11.2,0,13374,222.9
0,999,14.3,10.5,0,13390,223.2
0,999,13.4,9.5,0,13407,223.5
0,999,12.8,9.3,0,13423,223.7
0,999,12.2,8.4,0,13440,224
0,999,11.8,7.5,0,13456,224.3
0,999,11.3,7.3,0,13473,224.6
0,999,10.9,7.2,0,13489,224.8
0,999,10.5,6.8,0,13506,225.1
0,999,10.3,6.4,0,13523,225.4
0,999,10,6,0,13539,225.7
0,999,9.2,5.8,0,13556,225.9
0,999,8.6,5.3,0,13572,226.2
0,999,8,4.9,0,13589,226.5
0,999,7.3,4.4,0,13605,226.8
0,999,6.8,4,0,13622,227
0,999,6.3,3.4,0,13638,227.3
0,999,5.9,3.3,0,13655,227.6
0,999,5.4,3.3,0,13671,227.9
0,999,5,2.8,0,13688,228.1
0,999,4.5,2.4,0,13704,228.4
0,999,4.2,2.2,0,13721,228.7
0,999,3.6,1.6,0,13737,229
0,999,3.3,1.1,0,13754,229.2
0,999,2.8,0.6,0,13770,229.5
0,999,2.3,0.3,0,13787,229.8
0,999,1.9,-0.1,0,13803,230.1
0,999,1.5,-0.1,0,13820,230.3
0,999,1,-0.9,0,13837,230.6
0,999,0.6,-1.2,0,13853,230.9
0,999,0.2,-1.6,0,13870,231.2
0,999,0,-1.9,0,13886,231.4
0,999,-0.2,-2.3,0,13903,231.7
0,999,-0.6,-2.7,0,13919,232
0,999,-0.9,-3.4,0,13936,232.3
0,999,-1.1,-3.8,0,13952,232.5
0,999,-1.8,-4,0,13969,232.8
0,999,-2.1,-4.4,0,13985,233.1
0,999,-2.4,-4.8,0,14002,233.4
0,999,-2.8,-5.3,0,14018,233.6
0,999,-3.2,-5.6,0,14035,233.9
0,999,-3.6,-5.7,0,14051,234.2
0,999,-4,-5.9,0,14068,234.5
0,999,-4.4,-5.7,0,14084,234.7
0,999,-4.8,-5.7,0,14101,235
0,999,-4.9,-5.2,0,14117,235.3
0,999,-5,-5.5,0,14134,235.6
0,999,-5,-5.8,0,14150,235.8
0,999,-5,-5.6,0,14167,236.1
0,999,-5,-5.6,0,14184,236.4
0,999,-5,-5.6,0,14200,236.7
0,999,-5,-5.6,0,14217,237
0,999,-5,-5.4,0,14233,237.2
0,999,-5,-5.4,0,14250,237.5
0,999,-5,-5.6,0,14266,237.8
0,999,-5,-5.4,0,14283,238.1
0,999,-5,-5.4,0,14299,238.3
0,999,-5,-5.4,0,14316,238.6
0,999,-5,-5.5,0,14332,238.9
0,999,-5,-5.3,0,14349,239.2
0,999,-5,-5.4,0,14365,239.4
0,999,-5,-5.3,0,14382,239.7
0,999,-5,-5.1,0,14398,240
0,999,-5,-5.1,0,14415,240.3
0,999,-5,-5.1,0,14431,240.5
0,999,-5,-5.1,0,14448,240.8
0,999,-5,-5,0,14464,241.1
0,999,-5,-5,0,14481,241.4
0,999,-5,-5,0,14498,241.6
0,999,-5,-5,0,14514,241.9
0,999,-5,-5.2,0,14531,242.2
0,999,-5,-5.1,0,14547,242.5
0,999,-5,-5.2,0,14564,242.7
0,999,-5,-5,0,14580,243
0,999,-5,-5.1,0,14597,243.3
0,999,-5,-5.1,0,14613,243.6
0,999,-5,-5,0,14630,243.8
0,999,-5,-5,0,14646,244.1
0,999,-5,-5.1,0,14663,244.4
0,999,-5,-5.2,0,14679,244.7
0,999,-5,-5.1,0,14696,244.9
0,999,-5,-5.1,0,14712,245.2
0,999,-5,-5.1,0,14729,245.5
0,999,-5,-5.1,0,14745,245.8
0,999,-5,-5,0,14762,246
0,999,-5,-5,0,14778,246.3
0,999,-5,-5,0,14795,246.6
0,999,-5,-5,0,14811,246.9
0,999,-5,-4.9,0,14828,247.1
0,999,-5,-5,0,14844,247.4
0,999,-5,-5.1,0,14861,247.7
0,999,-5,-5.1,0,14878,248
0,999,-5,-5.1,0,14894,248.2
0,999,-5,-5.1,0,14911,248.5
0,999,-5,-4.9,0,14927,248.8
0,999,-5,-4,0,14944,249.1
0,999,-5,-2,0,14960,249.3
0,999,-5,-0.5,0,14977,249.6
0,999,-5,0.7,0,14993,249.9
0,999,-5,2,0,15010,250.2
0,999,-5,3.6,0,15026,250.4
0,999,-5,5,0,15043,250.7
0,999,-3.6,6.4,0,15059,251
0,999,-2.3,7.9,0,15076,251.3
0,999,-0.7,9.4,0,15092,251.5
0,999,0.5,11,0,15109,251.8
0,999,1.8,12.3,0,15125,252.1
0,999,3.3,13.8,0,15142,252.4
0,999,4.7,15.1,0,15159,252.7
0,999,6.3,16.4,0,15175,252.9
0,999,7.8,17.7,0,15192,253.2
0,999,9.2,18.9,0,15208,253.5
0,999,10.7,20.1,0,15225,253.8
0,999,11.9,21.3,0,15241,254
0,999,13.2,22.4,0,15258,254.3
0,999,14.5,23.5,0,15274,254.6
0,999,15.8,24.6,0,15291,254.9
0,999,17.1,25.7,0,15307,255.1
0,999,18.6,26.8,0,15324,255.4
0,999,19.7,27.9,0,15340,255.7
0,999,20.7,28.9,0,15357,256
0,999,22.3,30,0,15373,256.2
0,999,23.7,31,0,15390,256.5
0,999,24.7,32.1,0,15406,256.8
0,999,26,33.2,0,15423,257.1
0,999,27.5,34.4,0,15439,257.3
0,999,28.7,35.7,0,15456,257.6
0,999,30,37,0,15472,257.9
0,999,31,38.2,0,15489,258.2
0,999,32.5,39.8,0,15506,258.4
0,999,33.7,41.3,0,15522,258.7
0,999,35,43,0,15539,259
0,999,36,44.6,0,15555,259.3
0,999,37.2,46.3,0,15572,259.5
0,999,38.6,48,0,15588,259.8
0,999,39.8,49.5,0,15605,260.1
0,999,40.8,50.7,0,15621,260.4
0,999,41.8,50.9,0,15638,260.6
0,999,42.7,51,0,15654,260.9
0,999,43.8,50.9,0,15671,261.2
0,999,45.1,50.9,0,15687,261.5
0,999,46.5,50.9,0,15704,261.7
0,999,47.8,50.8,0,15720,262
0,999,49,50.8,0,15737,262.3
0,999,50,50.7,0,15753,262.6
0,999,50,50.4,0,15770,262.8
0,999,50,50.3,0,15786,263.1
0,999,50,50.2,0,15803,263.4
0,999,50,50.1,0,15820,263.7
0,999,50,50,0,15836,263.9
0,999,50,49.8,0,15853,264.2
0,999,50,49.8,0,15869,264.5
0,999,50,49.8,0,15886,264.8
0,999,50,49.7,0,15902,265
0,999,50,49.6,0,15919,265.3
0,999,50,49.5,0,15935,265.6
0,999,50,49.4,0,15952,265.9
0,999,50,49.5,0,15968,266.1
0,999,50,49.4,0,15985,266.4
0,999,50,49.1,0,16001,266.7
0,999,50,49.3,0,16018,267
0,999,50,49.3,0,16034,267.2
0,999,50,49.1,0,16051,267.5
0,999,50,49,0,16067,267.8
0,999,50,49,0,16084,268.1
0,999,50,49.1,0,16100,268.3
0,999,50,49.1,0,16117,268.6
0,999,50,49.2,0,16133,268.9
0,999,50,49,0,16150,269.2
0,999,50,49,0,16167,269.5
0,999,50,48.9,0,16183,269.7
0,999,50,48.7,0,16200,270
0,999,50,48.9,0,16216,270.3
0,999,50,48.9,0,16233,270.6
0,999,50,49,0,16249,270.8
0,999,50,48.9,0,16266,271.1
0,999,50,48.9,0,16282,271.4
0,999,50,48.9,0,16299,271.7
0,999,50,48.8,0,16315,271.9
0,999,50,48.8,0,16332,272.2
0,999,50,49,0,16348,272.5
0,999,50,49,0,16365,272.8
0,999,50,49,0,16381,273
0,999,50,48.8,0,16398,273.3
0,999,50,49,0,16414,273.6
0,999,50,49.1,0,16431,273.9
0,999,50,49,0,16447,274.1
0,999,50,48.8,0,16464,274.4
0,999,50,48.4,0,16481,274.7
0,999,50,47.2,0,16497,275
0,999,50,46.2,0,16514,275.2
0,999,50,45.4,0,16530,275.5
0,999,50,44.7,0,16547,275.8
0,999,50,44.3,0,16563,276.1
0,999,50,43.5,0,16580,276.3
0,999,50,42.9,0,16596,276.6
0,999,48.5,42.2,0,16613,276.9
0,999,46.7,41.3,0,16629,277.2
0,999,45.1,40.5,0,16646,277.4
0,999,43.7,40,0,16662,277.7
0,999,42.3,39.6,0,16679,278
0,999,41.1,39,0,16695,278.3
0,999,39.8,38.4,0,16712,278.5
0,999,38.3,37.9,0,16728,278.8
0,999,37,37.8,0,16745,279.1
0,999,35.6,37.5,0,16761,279.4
0,999,34.5,37.1,0,16778,279.6
0,999,33.2,35.1,0,16795,279.9
0,999,32,33.5,0,16811,280.2
0,999,31,31.6,0,16828,280.5
0,999,30,29.7,0,16844,280.7
0,999,29,28,0,16861,281
0,999,28,26.3,0,16877,281.3
0,999,27.2,24.6,0,16894,281.6
0,999,26.3,23.4,0,16910,281.8
0,999,25.4,22,0,16927,282.1
0,999,24.3,20.5,0,16943,282.4
0,999,23.7,19.4,0,16960,282.7
0,999,22.8,18,0,16976,282.9
0,999,22.1,16.5,0,16993,283.2
0,999,21.4,15.4,0,17009,283.5
0,999,20.7,14.7,0,17026,283.8
0,999,20,13.7,0,17042,284
0,999,19.3,12.9,0,17059,284.3
0,999,18.4,12,0,17075,284.6
0,999,17.8,11.6,0,17092,284.9
0,999,17.2,10.9,0,17108,285.1
0,999,16.4,10.4,0,17125,285.4
0,999,15.8,9.6,0,17142,285.7
0,999,15,9.3,0,17158,286
0,999,14.3,8.7,0,17175,286.3
0,999,13.4,8.2,0,17191,286.5
0,999,12.8,7.4,0,17208,286.8
0,999,12.2,7.5,0,17224,287.1
0,999,11.8,7,0,17241,287.4
0,999,11.3,6.5,0,17258,287.6
0,999,10.9,6.1,0,17274,287.9
0,999,10.5,5.6,0,17291,288.2
0,999,10.3,5.3,0,17307,288.5
0,999,10,5.2,0,17324,288.7
0,999,9.2,4.5,0,17340,289
0,999,8.6,4,0,17357,289.3
0,999,8,3.9,0,17373,289.6
0,999,7.3,3.5,0,17390,289.8
0,999,6.8,3.2,0,17406,290.1
0,999,6.3,2.8,0,17423,290.4
0,999,5.9,2.2,0,17439,290.7
0,999,5.4,2.2,0,17456,290.9
0,999,5,1.5,0,17472,291.2
0,999,4.5,1.3,0,17489,291.5
0,999,4.2,1,0,17505,291.8
0,999,3.6,0.3,0,17522,292
0,999,3.3,0,0,17538,292.3
0,999,2.8,-0.3,0,17555,292.6
0,999,2.3,-0.3,0,17571,292.9
0,999,1.9,-1,0,17588,293.1
0,999,1.5,-1.4,0,17605,293.4
0,999,1,-1.7,0,17621,293.7
0,999,0.6,-2.2,0,17638,294
0,999,0.2,-3,0,17654,294.2
0,999,0,-2.8,0,17671,294.5
0,999,-0.2,-3.5,0,17687,294.8
0,999,-0.6,-3.7,0,17704,295.1
0,999,-0.9,-4.3,0,17720,295.3
0,999,-1.1,-4.9,0,17737,295.6
0,999,-1.8,-5.3,0,17753,295.9
0,999,-2.1,-5.3,0,17770,296.2
0,999,-2.4,-5.8,0,17786,296.4
0,999,-2.8,-5.7,0,17803,296.7
0,999,-3.2,-5.8,0,17819,297
0,999,-3.6,-5.8,0,17836,297.3
0,999,-4,-5.8,0,17852,297.5
0,999,-4.4,-5.7,0,17869,297.8
0,999,-4.8,-5.6,0,17885,298.1
0,999,-4.9,-5.4,0,17902,298.4
0,999,-5,-5.4,0,17918,298.6
0,999,-5,-5.6,0,17935,298.9
0,999,-5,-5.5,0,17952,299.2
0,999,-5,-5.2,0,17968,299.5
0,999,-5,-5.2,0,17985,299.8
0,999,-5,-5.3,0,18001,300
0,999,-5,-5.2,0,18018,300.3
0,999,-5,-5.2,0,18034,300.6
0,999,-5,-5.3,0,18051,300.9
0,999,-5,-5.2,0,18067,301.1
0,999,-5,-5.2,0,18084,301.4
0,999,-5,-5.1,0,18100,301.7
0,999,-5,-5.2,0,18117,302
0,999,-5,-5.1,0,18133,302.2
0,999,-5,-4.9,0,18150,302.5
0,999,-5,-5.1,0,18166,302.8
0,999,-5,-5.1,0,18183,303.1
0,999,-5,-5.2,0,18199,303.3
0,999,-5,-4.9,0,18216,303.6
0,999,-5,-4.9,0,18232,303.9
0,999,-5,-5,0,18249,304.2
0,999,-5,-4.8,0,18265,304.4
0,999,-5,-4.9,0,18282,304.7
0,999,-5,-4.9,0,18299,305
0,999,-5,-5,0,18315,305.3
0,999,-5,-5,0,18332,305.5
0,999,-5,-4.9,0,18348,305.8
0,999,-5,-4.9,0,18365,306.1
0,999,-5,-4.9,0,18381,306.4
0,999,-5,-4.9,0,18398,306.6
0,999,-5,-5,0,18414,306.9
0,999,-5,-4.8,0,18431,307.2
0,999,-5,-4.8,0,18447,307.5
0,999,-5,-4.8,0,18464,307.7
0,999,-5,-5,0,18480,308
0,999,-5,-5.3,0,18497,308.3
0,999,-5,-4.9,0,18513,308.6
0,999,-5,-5,0,18530,308.8
0,999,-5,-4.8,0,18546,309.1
0,999,-5,-4.9,0,18563,309.4
0,999,-5,-4.8,0,18579,309.7
0,999,-5,-4.9,0,18596,309.9
0,999,-5,-4.9,0,18613,310.2
0,999,-5,-4.9,0,18629,310.5
0,999,-5,-4.9,0,18646,310.8
0,999,-5,-4.9,0,18662,311
0,999,-5,-4.9,0,18679,311.3
0,999,-5,-4.9,0,18695,311.6
0,999,-5,-4.8,0,18712,311.9
0,999,-5,-5,0,18728,312.1
0,999,-5,-4.9,0,18745,312.4
0,999,-5,-4.9,0,18761,312.7
0,999,-5,-4.9,0,18778,313
0,999,-5,-4.9,0,18794,313.2
0,999,-5,-4.9,0,18811,313.5
0,999,-5,-5,0,18827,313.8
0,999,-5,-4.9,0,18844,314.1
0,999,-5,-5,0,18860,314.3
0,999,-5,-5,0,18877,314.6
0,999,-5,-4.9,0,18893,314.9
0,999,-5,-4.9,0,18910,315.2
0,999,-5,-4.8,0,18926,315.4
0,999,-5,-4.9,0,18943,315.7
0,999,-5,-4.9,0,18960,316
0,999,-5,-4.9,0,18976,316.3
0,999,-5,-5,0,18993,316.6
0,999,-5,-4.9,0,19009,316.8
0,999,-5,-5,0,19026,317.1
0,999,-5,-4.9,0,19042,317.4
0,999,-5,-4.9,0,19059,317.7
0,999,-5,-5,0,19075,317.9
0,999,-5,-5,0,19092,318.2
0,999,-5,-4.9,0,19108,318.5
0,999,-5,-5,0,19125,318.8
0,999,-5,-5,0,19141,319
0,999,-5,-4.9,0,19158,319.3
0,999,-5,-4.9,0,19174,319.6
0,999,-5,-4.9,0,19191,319.9
0,999,-5,-5,0,19207,320.1
0,999,-5,-4.9,0,19224,320.4
0,999,-5,-4.9,0,19241,320.7
0,999,-5,-5,0,19257,321
0,999,-5,-4.9,0,19274,321.2
0,999,-5,-4.9,0,19290,321.5
0,999,-5,-4.9,0,19307,321.8
0,999,-5,-4.8,0,19323,322.1
0,999,-5,-4.8,0,19340,322.3
0,999,-5,-4.9,0,19356,322.6
0,999,-5,-4.9,0,19373,322.9
0,999,-5,-4.8,0,19389,323.2
0,999,-5,-4.9,0,19406,323.4
0,999,-5,-4.9,0,19422,323.7
0,999,-5,-4.9,0,19439,324
0,999,-5,-4.9,0,19455,324.3
0,999,-5,-4.9,0,19472,324.5
0,999,-5,-4.9,0,19488,324.8
0,999,-5,-5.1,0,19505,325.1
0,999,-5,-4.9,0,19521,325.4
0,999,-5,-4.9,0,19538,325.6
0,999,-5,-4.7,0,19554,325.9
0,999,-5,-3.1,0,19571,326.2
0,999,-5,-1.3,0,19588,326.5
0,999,-5,0,0,19604,326.7
0,999,-5,1.3,0,19621,327
0,999,-5,2.8,0,19637,327.3
0,999,-5,4.3,0,19654,327.6
0,999,-5,5.7,0,19670,327.8
0,999,-5,7.2,0,19687,328.1
0,999,-5,8.8,0,19703,328.4
0,999,-5,10.2,0,19720,328.7
0,999,-3.6,11.6,0,19736,328.9
0,999,-2.3,13,0,19753,329.2
0,999,-0.7,14.3,0,19769,329.5
0,999,0.5,15.7,0,19786,329.8
0,999,1.8,16.9,0,19802,330
0,999,3.3,18.1,0,19819,330.3
0,999,4.7,19.2,0,19835,330.6
0,999,6.3,20.3,0,19852,330.9
0,999,7.8,21.3,0,19868,331.1
0,999,9.2,22.4,0,19885,331.4
0,999,10.7,23.4,0,19901,331.7
0,999,11.9,24.4,0,19918,332
0,999,13.2,25.4,0,19935,332.3
0,999,14.5,26.4,0,19951,332.5
0,999,15.8,27.5,0,19968,332.8
0,999,17.1,28.5,0,19984,333.1
0,999,18.6,29.5,0,20001,333.4
0,999,19.7,30.9,0,20017,333.6
0,999,20.7,32.4,0,20034,333.9
0,999,22.3,33.8,0,20050,334.2
0,999,23.7,35,0,20067,334.5
0,999,24.7,36.4,0,20083,334.7
0,999,25.2,37.6,0,20100,335
0,999,26.5,39,0,20116,335.3
0,999,27.7,40.6,0,20133,335.6
0,999,29,42.4,0,20149,335.8
0,999,30.3,43.9,0,20166,336.1
0,999,31.8,45.7,0,20182,336.4
0,999,33.1,47.2,0,20199,336.7
0,999,34.4,48.7,0,20215,336.9
0,999,35.7,50.2,0,20232,337.2
0,999,37.1,50.4,0,20249,337.5
0,999,38.2,50.8,0,20265,337.8
0,999,39.3,50.7,0,20282,338
0,999,40.5,50.8,0,20298,338.3
0,999,41.6,50.8,0,20315,338.6
0,999,42.5,50.8,0,20331,338.9
0,999,43.5,50.8,0,20348,339.1
0,999,44.5,50.7,0,20364,339.4
0,999,45.7,50.6,0,20381,339.7
0,999,47,50.4,0,20397,340
0,999,48.1,50.3,0,20414,340.2
0,999,49.1,50.2,0,20430,340.5
0,999,50,50.2,0,20447,340.8
0,999,50,50.1,0,20463,341.1
0,999,50,49.8,0,20480,341.3
0,999,50,49.8,0,20496,341.6
0,999,50,49.7,0,20513,341.9
0,999,50,49.7,0,20529,342.2
0,999,50,49.6,0,20546,342.4
0,999,50,49.5,0,20563,342.7
0,999,50,49.4,0,20579,343
0,999,50,49.4,0,20596,343.3
0,999,50,49.4,0,20612,343.5
0,999,50,49.4,0,20629,343.8
0,999,50,49.3,0,20645,344.1
0,999,50,49.2,0,20662,344.4
0,999,50,49.2,0,20678,344.6
0,999,50,49.1,0,20695,344.9
0,999,50,49.1,0,20711,345.2
0,999,50,49.2,0,20728,345.5
0,999,50,49.3,0,20744,345.7
0,999,50,49.2,0,20761,346
0,999,50,49.1,0,20777,346.3
0,999,50,49,0,20794,346.6
0,999,50,49,0,20810,346.8
0,999,50,49.1,0,20827,347.1
0,999,50,49.2,0,20843,347.4
0,999,50,49,0,20860,347.7
0,999,50,49.1,0,20876,347.9
0,999,50,49.1,0,20893,348.2
0,999,50,48.8,0,20910,348.5
0,999,50,48.8,0,20926,348.8
0,999,50,48.9,0,20943,349.1
0,999,50,49.1,0,20959,349.3
0,999,50,49,0,20976,349.6
0,999,50,48.9,0,20992,349.9
0,999,50,48.9,0,21009,350.2
0,999,50,48.9,0,21025,350.4
0,999,50,49.1,0,21042,350.7
0,999,50,48.8,0,21058,351
0,999,50,48.8,0,21075,351.3
0,999,50,48.8,0,21091,351.5
0,999,50,48.8,0,21108,351.8
0,999,50,48.8,0,21124,352.1
0,999,50,48.8,0,21141,352.4
0,999,50,48.8,0,21157,352.6
0,999,50,49.1,0,21174,352.9
0,999,50,49.1,0,21190,353.2
0,999,50,48.6,0,21207,353.5
0,999,50,48.8,0,21224,353.7
0,999,50,48.9,0,21240,354
0,999,50,48.8,0,21257,354.3
0,999,50,48.8,0,21273,354.6
0,999,50,48.8,0,21290,354.8
0,999,50,48.8,0,21306,355.1
0,999,50,48.9,0,21323,355.4
0,999,50,48.9,0,21339,355.7
0,999,50,48.8,0,21356,355.9
0,999,50,48.9,0,21372,356.2
0,999,50,48.8,0,21389,356.5
0,999,50,48.8,0,21405,356.8
0,999,50,48.9,0,21422,357
0,999,50,48.9,0,21438,357.3
0,999,50,48.9,0,21455,357.6
0,999,50,48.9,0,21471,357.9
0,999,50,48.9,0,21488,358.1
0,999,50,48.9,0,21504,358.4
0,999,50,48.9,0,21521,358.7
0,999,50,49,0,21537,359
0,999,50,48.9,0,21554,359.2
0,999,50,48.8,0,21571,359.5
0,999,50,48.6,0,21587,359.8
0,999,50,48.7,0,21604,360.1
0,999,50,48.9,0,21620,360.3
0,999,50,48.8,0,21637,360.6
0,999,50,48.8,0,21653,360.9
0,999,50,48.8,0,21670,361.2
0,999,50,48.9,0,21686,361.4
0,999,50,48.8,0,21703,361.7
0,999,50,48.8,0,21719,362
0,999,50,48.7,0,21736,362.3
0,999,50,48.8,0,21752,362.5
0,999,50,48.9,0,21769,362.8
0,999,50,49,0,21785,363.1
0,999,50,48.7,0,21802,363.4
0,999,50,48.6,0,21818,363.6
0,999,50,48.7,0,21835,363.9
0,999,50,48.8,0,21851,364.2
0,999,50,48.8,0,21868,364.5
0,999,50,48.7,0,21884,364.7
0,999,50,48.7,0,21901,365
0,999,50,49,0,21918,365.3
0,999,50,48.9,0,21934,365.6
0,999,50,48.9,0,21951,365.9
0,999,50,48.9,0,21967,366.1
0,999,50,48.3,0,21984,366.4
0,999,50,47.2,0,22000,366.7
0,999,50,46.2,0,22017,367
0,999,50,45.6,0,22033,367.2
0,999,50,45,0,22050,367.5
0,999,50,44.5,0,22066,367.8
0,999,50,43.6,0,22083,368.1
0,999,50,43,0,22099,368.3
0,999,50,42.1,0,22116,368.6
0,999,50,41.6,0,22132,368.9
0,999,50,40.8,0,22149,369.2
0,999,50,40.2,0,22165,369.4
0,999,50,39.9,0,22182,369.7
0,999,49.1,39.4,0,22198,370
0,999,48.5,38.9,0,22215,370.3
0,999,47.5,38.3,0,22232,370.5
0,999,46.9,37.9,0,22248,370.8
0,999,45.9,37.5,0,22265,371.1
0,999,45.2,36.8,0,22281,371.4
0,999,44.5,36.6,0,22298,371.6
0,999,43.8,36.2,0,22314,371.9
0,999,43,35.8,0,22331,372.2
0,999,42.2,35.4,0,22347,372.5
0,999,41.5,35,0,22364,372.7
0,999,40.9,34.7,0,22380,373
0,999,40.5,34.1,0,22397,373.3
0,999,39.9,33.6,0,22413,373.6
0,999,39,33.2,0,22430,373.8
0,999,38.3,32.9,0,22446,374.1
0,999,37.8,32.1,0,22463,374.4
0,999,37.3,31.9,0,22479,374.7
0,999,36.8,31.6,0,22496,374.9
0,999,35.9,31,0,22512,375.2
0,999,35.2,30.8,0,22529,375.5
0,999,34.7,30.3,0,22546,375.8
0,999,34.1,30.1,0,22562,376
0,999,33.2,29.6,0,22579,376.3
0,999,32.7,29,0,22595,376.6
0,999,31.9,28.9,0,22612,376.9
0,999,31,28.4,0,22628,377.1
0,999,30.6,28.1,0,22645,377.4
0,999,29.8,27.6,0,22661,377.7
0,999,29.2,27.5,0,22678,378
0,999,28.5,26.7,0,22694,378.2
0,999,28.1,26.5,0,22711,378.5
0,999,27.2,26,0,22727,378.8
0,999,26.8,26,0,22744,379.1
0,999,26.2,25.7,0,22760,379.3
0,999,25.6,25.6,0,22777,379.6
0,999,25.3,25.3,0,22793,379.9
0,999,25.2,25.2,0,22810,380.2
0,999,25,25,0,22826,380.4
0,999,25,24.7,0,22843,380.7
0,999,25,24.5,0,22860,381
0,999,25,24.5,0,22876,381.3
0,999,25,24.1,0,22893,381.6
0,999,25,24.1,0,22909,381.8
0,999,25,24,0,22926,382.1
0,999,25,24,0,22942,382.4
0,999,25,24.3,0,22959,382.7
0,999,25,24.2,0,22975,382.9
0,999,25,24.1,0,22992,383.2
0,999,25,24.1,0,23008,383.5
0,999,25,24.1,0,23025,383.8
0,999,25,24.2,0,23041,384
0,999,25,24.2,0,23058,384.3
0,999,25,24.2,0,23074,384.6
0,999,25,24.2,0,23091,384.9
0,999,25,24.2,0,23107,385.1
0,999,25,24,0,23124,385.4
0,999,25,24,0,23140,385.7
0,999,25,24.3,0,23157,386
0,999,25,24.3,0,23173,386.2
0,999,25,24.3,0,23190,386.5
0,999,25,24.3,0,23207,386.8
0,999,25,24.3,0,23223,387.1
0,999,25,24.3,0,23240,387.3
0,999,25,24.3,0,23256,387.6
0,999,25,24.3,0,23273,387.9
0,999,25,24.3,0,23289,388.2
0,999,25,24.3,0,23306,388.4
0,999,25,24.3,0,23322,388.7
0,999,25,24.3,0,23339,389
0,999,25,24.3,0,23355,389.3
0,999,25,24.3,0,23372,389.5
0,999,25,24.3,0,23388,389.8
0,999,25,24.3,0,23405,390.1
0,999,25,24.3,0,23421,390.4
,,25,,,,
,,25,,,,
,,25,,,,
,,25,,,,
,,25,,,,
,,25,,,,
,,25,,,,
,,25,,,,
,,25,,,,
,,25,,,,
,,25,,,,
,,25,,,,
,,25,,,,
,,25,,,,
,,25,,,,
,,25,,,,
,,25,,,,
,,25,,,,
,,25,,,,
,,25,,,,
