Current Step,Time Remaining,Expected Temp,External Temp,Chamber Temp,Time,,Time
0,999,0,0,0,0,,0
0,999,25,26.2,0,5,,5
0,999,25,25.8,0,21,,21
0,999,25,25.3,0,38,,38
0,999,25,25,0,54,,54
0,999,25.6,24.9,0,71,,71
0,999,27,25.6,0,87,,87
0,999,28.5,26.8,0,104,,104
0,999,30,28.6,0,120,,120
0,999,31.8,30.3,0,137,,137
0,999,33,31.8,0,153,,153
0,999,34.3,33.8,0,170,,170
0,999,36,35.8,0,186,,186
0,999,37.9,37.9,0,203,,203
0,999,39,39.9,0,219,,220
0,999,40.6,41.6,0,236,,236
0,999,42.2,43.1,0,252,,253
0,999,44,44.6,0,269,,269
0,999,45.2,45.8,0,285,,286
0,999,46.8,47.1,0,302,,302
0,999,48.4,48.4,0,318,,319
0,999,49.7,49.7,0,335,,335
0,999,51,51,0,351,,352
0,999,52.4,52.4,0,368,,369
0,999,53.8,53.8,0,385,,385
0,999,55.1,55.1,0,401,,402
0,999,56.4,56.4,0,418,,418
0,999,57.9,57.9,0,434,,435
0,999,59.4,59.4,0,451,,451
0,999,60,60.7,0,467,,468
0,999,60,61.6,0,484,,484
0,999,60,62.1,0,500,,501
0,999,60,61.7,0,517,,517
0,999,60,60.9,0,533,,534
0,999,60,59.7,0,550,,551
0,999,60,58.5,0,566,,567
0,999,60,57.7,0,583,,584
0,999,60,57.1,0,599,,600
0,999,60,57.1,0,616,,617
0,999,60,57.5,0,632,,633
0,999,60,57.9,0,649,,650
0,999,60,58.5,0,665,,666
0,999,60,59,0,682,,683
0,999,60,59.5,0,698,,699
0,999,60,59.7,0,715,,716
0,999,60,60.1,0,731,,732
0,999,60,60.2,0,748,,749
0,999,60,60.3,0,764,,766
0,999,60,60.5,0,781,,782
0,999,60,60.6,0,798,,799
0,999,60,60.8,0,814,,815
0,999,60,60.8,0,831,,832
0,999,60,60.8,0,847,,848
0,999,60,60.9,0,864,,865
0,999,60,60.9,0,880,,881
0,999,60,61,0,897,,898
0,999,60,60.9,0,913,,914
0,999,60,61,0,930,,931
0,999,60,60.9,0,946,,947
0,999,60,60.9,0,963,,964
0,999,60,60.9,0,979,,981
0,999,60,60.9,0,996,,997
0,999,60,60.9,0,1012,,1014
0,999,60,61,0,1029,,1030
0,999,60,61,0,1045,,1047
0,999,60,60.9,0,1062,,1063
0,999,60,60.9,0,1078,,1080
0,999,60,61,0,1095,,1096
0,999,60,61,0,1111,,1113
0,999,60,61,0,1128,,1129
0,999,60,60.9,0,1144,,1146
0,999,60,61,0,1161,,1162
0,999,60,61,0,1177,,1179
0,999,60,61,0,1194,,1196
0,999,60,60.9,0,1211,,1212
0,999,60,60.9,0,1227,,1229
0,999,60,60.9,0,1244,,1245
0,999,60,60.9,0,1260,,1262
0,999,60,60.9,0,1277,,1278
0,999,60,60.9,0,1293,,1295
0,999,60,60.8,0,1310,,1311
0,999,60,60.9,0,1326,,1328
0,999,60,60.8,0,1343,,1344
0,999,60,60.9,0,1359,,1361
0,999,60,60.8,0,1376,,1377
0,999,60,60.8,0,1392,,1394
0,999,58.8,60.5,0,1409,,1411
0,999,57,59.8,0,1425,,1427
0,999,55.5,58.9,0,1442,,1444
0,999,54,58,0,1458,,1460
0,999,52.5,56.9,0,1475,,1477
0,999,50.8,56,0,1491,,1493
0,999,49.5,55,0,1508,,1510
0,999,48,54.1,0,1524,,1526
0,999,46.5,53.2,0,1541,,1543
0,999,45.2,52.1,0,1557,,1559
0,999,43.8,51.1,0,1574,,1576
0,999,42.5,50,0,1591,,1592
0,999,40.9,48.7,0,1607,,1609
0,999,39.5,47.3,0,1624,,1625
0,999,38,45.7,0,1640,,1642
0,999,36.5,44.1,0,1657,,1659
0,999,35,42.3,0,1673,,1675
0,999,33.8,40.6,0,1690,,1692
0,999,32,39,0,1706,,1708
0,999,30.8,37.3,0,1723,,1725
0,999,29,35.8,0,1739,,1741
0,999,28,34.4,0,1756,,1758
0,999,26.5,32.9,0,1773,,1774
0,999,25.2,31.4,0,1789,,1791
0,999,23.8,30.1,0,1806,,1808
0,999,22.3,28.8,0,1822,,1825
0,999,21,27.6,0,1839,,1841
0,999,19,26.1,0,1855,,1858
0,999,18,24.9,0,1872,,1874
0,999,16.5,23.8,0,1888,,1891
0,999,15,22.7,0,1905,,1907
0,999,13.5,21.5,0,1921,,1924
0,999,12,20.3,0,1938,,1940
0,999,10.5,19.3,0,1954,,1957
0,999,9,18.1,0,1971,,1973
0,999,7.5,16.9,0,1987,,1990
0,999,6.2,15.8,0,2004,,2007
0,999,4.8,14.9,0,2020,,2023
0,999,3.5,13.9,0,2037,,2040
0,999,2,12.9,0,2053,,2056
0,999,0.8,11.8,0,2070,,2073
0,999,-0.9,10.9,0,2086,,2089
0,999,-2.2,9.9,0,2103,,2106
0,999,-3.5,8.8,0,2119,,2122
0,999,-4.8,7.9,0,2136,,2139
0,999,-5,6.9,0,2153,,2155
0,999,-5,5.9,0,2169,,2172
0,999,-5,5.2,0,2186,,2189
0,999,-5,4.3,0,2202,,2205
0,999,-5,3.3,0,2219,,2222
0,999,-5,2.3,0,2235,,2239
0,999,-5,1.5,0,2252,,2255
0,999,-5,0.8,0,2268,,2272
0,999,-5,0,0,2285,,2288
0,999,-5,-0.7,0,2301,,2305
0,999,-5,-1.7,0,2318,,2321
0,999,-5,-2.3,0,2334,,2338
0,999,-5,-2.8,0,2351,,2354
0,999,-5,-3,0,2367,,2371
0,999,-5,-3.1,0,2384,,2388
0,999,-5,-3.5,0,2400,,2404
0,999,-5,-3.9,0,2417,,2421
0,999,-5,-4.1,0,2433,,2437
0,999,-5,-4.4,0,2450,,2454
0,999,-5,-4.4,0,2466,,2470
0,999,-5,-4.4,0,2483,,2487
0,999,-5,-4.3,0,2499,,2503
0,999,-5,-4.4,0,2516,,2520
0,999,-5,-4.3,0,2532,,2536
0,999,-5,-4.3,0,2549,,2553
0,999,-5,-4.3,0,2566,,2570
0,999,-5,-4.3,0,2582,,2586
0,999,-5,-4.2,0,2599,,2603
0,999,-5,-4.2,0,2615,,2619
0,999,-5,-4.2,0,2632,,2636
0,999,-5,-4.1,0,2648,,2652
0,999,-5,-4,0,2665,,2669
0,999,-5,-4,0,2681,,2685
0,999,-5,-4,0,2698,,2702
0,999,-5,-4,0,2714,,2719
0,999,-5,-4,0,2731,,2735
0,999,-5,-4,0,2747,,2752
0,999,-5,-3.9,0,2764,,2768
0,999,-5,-3.9,0,2780,,2785
0,999,-5,-3.9,0,2797,,2801
0,999,-5,-3.9,0,2813,,2818
0,999,-5,-3.8,0,2830,,2834
0,999,-5,-3.8,0,2846,,2851
0,999,-5,-3.8,0,2863,,2867
0,999,-5,-3.9,0,2879,,2884
0,999,-5,-3.8,0,2896,,2900
0,999,-5,-3.9,0,2912,,2917
0,999,-5,-3.9,0,2929,,2934
0,999,-5,-3.9,0,2945,,2950
0,999,-5,-3.9,0,2962,,2967
0,999,-5,-3.9,0,2979,,2983
0,999,-5,-3.9,0,2995,,3000
0,999,-5,-3.9,0,3012,,3016
0,999,-5,-3.8,0,3028,,3033
0,999,-5,-3.8,0,3045,,3049
0,999,-5,-3.8,0,3061,,3066
0,999,-3.8,-3.2,0,3078,,3083
0,999,-2.8,-1.8,0,3094,,3099
0,999,-1,-0.2,0,3111,,3116
0,999,0.5,1.5,0,3127,,3132
0,999,1.8,3.2,0,3144,,3149
0,999,3.2,4.9,0,3160,,3165
0,999,4.6,6.5,0,3177,,3182
0,999,5.8,8,0,3193,,3198
0,999,7.2,9.7,0,3210,,3215
0,999,8.6,11,0,3226,,3231
0,999,10,12.5,0,3243,,3248
0,999,11.5,14,0,3259,,3265
0,999,13,15.2,0,3276,,3281
0,999,14.5,16.5,0,3292,,3298
0,999,15.8,17.8,0,3309,,3314
0,999,16.9,18.9,0,3325,,3331
0,999,18,20.1,0,3342,,3348
0,999,19.3,21.6,0,3359,,3364
0,999,21,22.8,0,3375,,3381
0,999,22.3,24.1,0,3392,,3397
0,999,23.7,25.4,0,3408,,3414
0,999,25.6,26.9,0,3425,,3431
0,999,26.6,28.3,0,3441,,3447
0,999,27.8,29.7,0,3458,,3464
0,999,29,31,0,3474,,3480
0,999,30.5,32.4,0,3491,,3497
0,999,32,33.8,0,3507,,3514
0,999,33.2,35.1,0,3524,,3530
0,999,34.8,36.5,0,3541,,3547
0,999,36,37.9,0,3557,,3563
0,999,37.5,39.2,0,3574,,3580
0,999,38.8,40.8,0,3590,,3596
0,999,40,42,0,3607,,3613
0,999,41.5,43.4,0,3623,,3630
0,999,43,44.9,0,3640,,3646
0,999,44.5,46.2,0,3656,,3663
0,999,45.7,47.5,0,3673,,3679
0,999,47,49,0,3689,,3696
0,999,48.9,50.5,0,3706,,3712
0,999,50.2,51.8,0,3722,,3729
0,999,51.5,53.1,0,3739,,3746
0,999,52.7,54.4,0,3755,,3762
0,999,54,55.8,0,3772,,3779
0,999,55.6,57.3,0,3788,,3795
0,999,57,58.6,0,3805,,3812
0,999,58.5,60,0,3821,,3828
0,999,60,61,0,3838,,3845
0,999,60,61.8,0,3854,,3861
0,999,60,61.8,0,3871,,3878
0,999,60,61.2,0,3887,,3894
0,999,60,60,0,3904,,3911
0,999,60,58.7,0,3921,,3927
0,999,60,57.5,0,3937,,3944
0,999,60,56.8,0,3954,,3961
0,999,60,56.5,0,3970,,3978
0,999,60,56.7,0,3987,,3994
0,999,60,57.3,0,4003,,4011
0,999,60,58,0,4020,,4027
0,999,60,58.9,0,4036,,4044
0,999,60,59.5,0,4053,,4060
0,999,60,59.9,0,4069,,4077
0,999,60,60.3,0,4086,,4093
0,999,60,60.5,0,4102,,4110
0,999,60,60.6,0,4119,,4126
0,999,60,60.8,0,4135,,4143
0,999,60,60.8,0,4152,,4159
0,999,60,61,0,4168,,4176
0,999,60,61.1,0,4185,,4192
0,999,60,61.1,0,4201,,4209
0,999,60,61.1,0,4218,,4226
0,999,60,61.1,0,4234,,4242
0,999,60,61.1,0,4251,,4259
0,999,60,61,0,4267,,4275
0,999,60,61,0,4284,,4292
0,999,60,60.9,0,4301,,4308
0,999,60,60.9,0,4317,,4325
0,999,60,60.9,0,4334,,4341
0,999,60,60.9,0,4350,,4358
0,999,60,60.9,0,4367,,4374
0,999,60,60.9,0,4383,,4391
0,999,60,60.9,0,4400,,4407
0,999,60,60.9,0,4416,,4424
0,999,60,60.9,0,4433,,4441
0,999,60,60.9,0,4449,,4457
0,999,60,61,0,4466,,4474
0,999,60,60.8,0,4482,,4490
0,999,60,60.8,0,4499,,4507
0,999,60,60.8,0,4515,,4524
0,999,60,60.9,0,4532,,4540
0,999,60,60.9,0,4548,,4557
0,999,60,60.9,0,4565,,4573
0,999,60,60.9,0,4581,,4590
0,999,60,60.9,0,4598,,4606
0,999,60,60.9,0,4614,,4623
0,999,60,60.9,0,4631,,4639
0,999,60,61.1,0,4648,,4656
0,999,60,60.9,0,4664,,4672
0,999,60,60.9,0,4681,,4689
0,999,60,60.9,0,4697,,4706
0,999,60,60.9,0,4714,,4722
0,999,60,60.9,0,4730,,4739
0,999,60,60.9,0,4747,,4755
0,999,58.6,60.6,0,4763,,4772
0,999,57.8,60,0,4780,,4789
0,999,56.2,59.2,0,4796,,4805
0,999,54.8,58.2,0,4813,,4822
0,999,53.8,57.2,0,4829,,4838
0,999,52.2,56.1,0,4846,,4855
0,999,51,55.2,0,4862,,4871
0,999,49.7,54,0,4879,,4888
0,999,48.6,52.8,0,4895,,4904
0,999,47.4,51.1,0,4912,,4921
0,999,45.8,49.5,0,4928,,4938
0,999,44.5,47.7,0,4945,,4954
0,999,43.5,46,0,4961,,4971
0,999,42.1,44.1,0,4978,,4987
0,999,40.5,42.3,0,4994,,5004
0,999,39,40.6,0,5011,,5020
0,999,38,38.9,0,5027,,5037
0,999,37,37.2,0,5044,,5053
0,999,36,35.7,0,5060,,5070
0,999,34.5,34.2,0,5077,,5086
0,999,33,32.8,0,5094,,5103
0,999,31.8,31.2,0,5110,,5119
0,999,30,29.9,0,5127,,5136
0,999,29,28.7,0,5143,,5153
0,999,28,27.2,0,5160,,5169
0,999,27,26,0,5176,,5186
0,999,25.5,24.7,0,5193,,5202
0,999,24,23.6,0,5209,,5219
0,999,23,22.6,0,5226,,5235
0,999,21.8,21.6,0,5242,,5252
0,999,20,20.5,0,5259,,5268
0,999,19.2,19.3,0,5275,,5285
0,999,18.1,18.2,0,5292,,5301
0,999,17,17.2,0,5308,,5318
0,999,15.4,16.1,0,5325,,5334
0,999,14,15,0,5341,,5351
0,999,13,13.9,0,5358,,5367
0,999,11.5,12.9,0,5374,,5384
0,999,10,11.9,0,5391,,5400
0,999,8.8,10.9,0,5407,,5417
0,999,7.5,9.8,0,5424,,5434
0,999,6.5,8.9,0,5440,,5450
0,999,5.4,8,0,5457,,5467
0,999,4,7,0,5474,,5483
0,999,3,6.3,0,5490,,5500
0,999,1.5,5.2,0,5507,,5516
0,999,0.5,4.2,0,5523,,5533
0,999,-0.8,3.4,0,5540,,5549
0,999,-2.1,2.6,0,5556,,5566
0,999,-3,1.6,0,5573,,5582
0,999,-4,0.9,0,5589,,5599
0,999,-5,0,0,5606,,5616
0,999,-5,-0.9,0,5622,,5632
0,999,-5,-1.6,0,5639,,5649
0,999,-5,-2.3,0,5655,,5665
0,999,-5,-2.7,0,5672,,5682
0,999,-5,-2.9,0,5689,,5698
0,999,-5,-3.2,0,5705,,5715
0,999,-5,-3.4,0,5722,,5731
0,999,-5,-3.9,0,5739,,5748
0,999,-5,-4.1,0,5755,,5764
0,999,-5,-4.4,0,5772,,5781
0,999,-5,-4.4,0,5788,,5798
0,999,-5,-4.5,0,5805,,5814
0,999,-5,-4.4,0,5821,,5831
0,999,-5,-4.4,0,5838,,5847
0,999,-5,-4.2,0,5854,,5864
0,999,-5,-4.2,0,5871,,5880
0,999,-5,-4.3,0,5887,,5897
0,999,-5,-4.2,0,5904,,5913
0,999,-5,-4.2,0,5920,,5930
0,999,-5,-4.2,0,5937,,5946
0,999,-5,-4.2,0,5953,,5963
0,999,-5,-4,0,5970,,5980
0,999,-5,-4,0,5986,,5996
0,999,-5,-4.1,0,6003,,6013
0,999,-5,-4,0,6019,,6029
0,999,-5,-4,0,6036,,6046
0,999,-5,-4,0,6052,,6062
0,999,-5,-3.9,0,6069,,6079
0,999,-5,-3.9,0,6085,,6095
0,999,-5,-3.9,0,6102,,6112
0,999,-5,-3.9,0,6118,,6129
0,999,-5,-3.9,0,6135,,6145
0,999,-5,-3.9,0,6152,,6162
0,999,-5,-4,0,6168,,6178
0,999,-5,-4,0,6185,,6195
0,999,-5,-3.9,0,6201,,6212
0,999,-5,-3.9,0,6218,,6228
0,999,-5,-3.7,0,6234,,6245
0,999,-5,-3.7,0,6251,,6261
0,999,-5,-3.9,0,6267,,6278
0,999,-5,-3.9,0,6284,,6294
0,999,-5,-4,0,6300,,6311
0,999,-5,-3.8,0,6317,,6328
0,999,-5,-3.8,0,6333,,6344
0,999,-5,-3.8,0,6350,,6361
0,999,-5,-3.8,0,6366,,6377
0,999,-5,-3.8,0,6383,,6394
0,999,-5,-3.9,0,6399,,6410
0,999,-5,-3.9,0,6416,,6427
0,999,-3.8,-3.7,0,6432,,6443
0,999,-2.8,-2.5,0,6449,,6460
0,999,-1,-1,0,6465,,6476
0,999,0.5,0.7,0,6482,,6493
0,999,1.8,2.6,0,6498,,6509
0,999,3.2,4.3,0,6515,,6526
0,999,4.6,6,0,6532,,6543
0,999,5.8,7.6,0,6548,,6559
0,999,7.2,9.2,0,6565,,6576
0,999,8.6,10.7,0,6581,,6592
0,999,10,12,0,6598,,6609
0,999,11.5,13.5,0,6614,,6625
0,999,13,14.7,0,6631,,6642
0,999,14.5,16,0,6647,,6658
0,999,15.8,17.1,0,6664,,6675
0,999,16.9,18.5,0,6680,,6692
0,999,18,19.7,0,6697,,6708
0,999,19.3,21,0,6713,,6725
0,999,21,22.3,0,6730,,6741
0,999,22.3,23.7,0,6746,,6758
0,999,23.7,24.9,0,6763,,6774
0,999,25.6,26.3,0,6779,,6791
0,999,26.6,28.2,0,6796,,6807
0,999,27.8,29.1,0,6812,,6824
0,999,29,30.5,0,6829,,6846
0,999,30.5,31.8,0,6845,,6863
0,999,32,33.2,0,6862,,6879
0,999,33.2,34.5,0,6878,,6896
0,999,34.8,36.1,0,6895,,6912
0,999,36,37.4,0,6911,,6929
0,999,37.5,38.7,0,6928,,6946
0,999,38.8,40.1,0,6945,,6962
0,999,40,41.3,0,6961,,6979
0,999,41.5,42.9,0,6978,,6995
0,999,43,44.3,0,6994,,7012
0,999,44.5,45.6,0,7011,,7028
0,999,45.7,47,0,7027,,7045
0,999,47,48.4,0,7044,,7062
0,999,48.9,49.8,0,7060,,7078
0,999,50.2,51.1,0,7077,,7095
0,999,51.5,52.5,0,7093,,7111
0,999,52.7,54,0,7110,,7128
0,999,54,55.4,0,7126,,7144
0,999,55.6,56.7,0,7143,,7161
0,999,57,58,0,7159,,7177
0,999,58.5,59.3,0,7176,,7194
0,999,60,60.6,0,7192,,7211
0,999,60,61.5,0,7209,,7227
0,999,60,61.9,0,7226,,7244
0,999,60,61.5,0,7242,,7260
0,999,60,60.7,0,7259,,7277
0,999,60,59.4,0,7275,,7293
0,999,60,58.1,0,7292,,7310
0,999,60,57,0,7308,,7326
0,999,60,56.5,0,7325,,7343
0,999,60,56.5,0,7341,,7359
0,999,60,57.1,0,7358,,7376
0,999,60,57.7,0,7374,,7392
0,999,60,58.5,0,7391,,7409
0,999,60,59.1,0,7407,,7426
0,999,60,59.5,0,7424,,7442
0,999,60,60.1,0,7440,,7459
0,999,60,60.3,0,7457,,7475
0,999,60,60.6,0,7473,,7492
0,999,60,60.7,0,7490,,7508
0,999,60,60.9,0,7506,,7525
0,999,60,61,0,7523,,7541
0,999,60,61,0,7539,,7558
0,999,60,61,0,7556,,7575
0,999,60,61.2,0,7573,,7591
0,999,60,61.2,0,7589,,7608
0,999,60,61.2,0,7606,,7624
0,999,60,61.2,0,7622,,7641
0,999,60,61.1,0,7639,,7657
0,999,60,61.1,0,7655,,7674
0,999,60,61.1,0,7672,,7690
0,999,60,61.1,0,7688,,7707
0,999,60,60.9,0,7705,,7723
0,999,60,60.9,0,7721,,7740
0,999,60,60.9,0,7738,,7757
0,999,60,60.8,0,7754,,7773
0,999,60,60.9,0,7771,,7790
0,999,60,60.9,0,7787,,7806
0,999,60,60.9,0,7804,,7823
0,999,60,60.9,0,7820,,7839
0,999,60,60.9,0,7837,,7856
0,999,60,60.9,0,7853,,7872
0,999,60,60.9,0,7870,,7889
0,999,60,61,0,7886,,7905
0,999,60,61,0,7903,,7922
0,999,60,61,0,7919,,7938
0,999,60,61,0,7936,,7955
0,999,60,61,0,7953,,7972
0,999,60,61,0,7969,,7988
0,999,60,61,0,7986,,8005
0,999,60,61,0,8002,,8021
0,999,60,61,0,8019,,8038
0,999,60,61,0,8035,,8054
0,999,60,61,0,8052,,8071
0,999,60,61,0,8068,,8087
0,999,60,61,0,8085,,8104
0,999,60,61,0,8101,,8120
0,999,58.8,60.8,0,8118,,8137
0,999,57,60.4,0,8134,,8154
0,999,55.5,59.7,0,8151,,8170
0,999,54,58.8,0,8167,,8187
0,999,52.5,57.8,0,8184,,8203
0,999,50.8,56.7,0,8200,,8220
0,999,49.5,55.6,0,8217,,8236
0,999,48,54.6,0,8233,,8253
0,999,46.5,53.4,0,8250,,8269
0,999,45.2,52.1,0,8266,,8286
0,999,43.8,50.4,0,8283,,8302
0,999,42.5,48.7,0,8299,,8319
0,999,40.9,47,0,8316,,8335
0,999,39.5,45.2,0,8332,,8352
0,999,38,43.3,0,8349,,8368
0,999,36.5,41.4,0,8366,,8385
0,999,35,39.8,0,8382,,8402
0,999,33.8,38,0,8399,,8418
0,999,32,36.5,0,8415,,8435
0,999,30.8,34.9,0,8432,,8451
0,999,29,33.6,0,8448,,8468
0,999,28,32.2,0,8465,,8484
0,999,26.5,30.7,0,8481,,8501
0,999,25.2,29.5,0,8498,,8517
0,999,23.8,28.1,0,8514,,8534
0,999,22.3,26.8,0,8531,,8551
0,999,21,25.5,0,8547,,8567
0,999,19,24.5,0,8564,,8584
0,999,18,23.5,0,8580,,8600
0,999,16.5,22.5,0,8597,,8617
0,999,15,21.3,0,8613,,8633
0,999,13.5,20.1,0,8630,,8650
0,999,12,19,0,8646,,8667
0,999,10.5,17.9,0,8663,,8683
0,999,9,16.9,0,8679,,8700
0,999,7.5,15.7,0,8696,,8717
0,999,6.2,14.7,0,8713,,8733
0,999,4.8,13.6,0,8729,,8750
0,999,3.5,12.8,0,8746,,8766
0,999,2,11.8,0,8762,,8783
0,999,0.8,10.8,0,8779,,8799
0,999,-0.9,9.8,0,8795,,8816
0,999,-2.2,8.8,0,8812,,8833
0,999,-3.5,7.8,0,8828,,8849
0,999,-4.7,6.9,0,8845,,8866
0,999,-4.8,5.9,0,8861,,8882
0,999,-4.9,5,0,8878,,8899
0,999,-5,4.1,0,8894,,8915
0,999,-5,3.3,0,8911,,8932
0,999,-5,2.5,0,8927,,8948
0,999,-5,1.5,0,8944,,8965
0,999,-5,0.6,0,8960,,8981
0,999,-5,0,0,8977,,8998
0,999,-5,-0.8,0,8993,,9015
0,999,-5,-1.8,0,9010,,9031
0,999,-5,-2.4,0,9026,,9048
0,999,-5,-2.9,0,9043,,9064
0,999,-5,-3,0,9059,,9081
0,999,-5,-3.3,0,9076,,9097
0,999,-5,-3.6,0,9092,,9114
0,999,-5,-4,0,9109,,9130
0,999,-5,-4.1,0,9126,,9147
0,999,-5,-4.4,0,9142,,9163
0,999,-5,-4.4,0,9159,,9180
0,999,-5,-4.4,0,9175,,9196
0,999,-5,-4.4,0,9192,,9213
0,999,-5,-4.3,0,9208,,9230
0,999,-5,-4.3,0,9225,,9246
0,999,-5,-4.3,0,9241,,9263
0,999,-5,-4.2,0,9258,,9279
0,999,-5,-4.2,0,9274,,9296
0,999,-5,-4.3,0,9291,,9312
0,999,-5,-4.1,0,9307,,9329
0,999,-5,-4.1,0,9324,,9345
0,999,-5,-4.1,0,9340,,9362
0,999,-5,-4,0,9357,,9379
0,999,-5,-4,0,9373,,9395
0,999,-5,-4,0,9390,,9412
0,999,-5,-3.9,0,9406,,9428
0,999,-5,-3.9,0,9423,,9445
0,999,-5,-3.9,0,9439,,9461
0,999,-5,-3.9,0,9456,,9478
0,999,-5,-3.9,0,9472,,9495
0,999,-5,-3.9,0,9489,,9511
0,999,-5,-3.9,0,9506,,9528
0,999,-5,-3.9,0,9522,,9544
0,999,-5,-3.9,0,9539,,9561
0,999,-5,-3.8,0,9555,,9578
0,999,-5,-3.8,0,9572,,9594
0,999,-5,-3.8,0,9588,,9611
0,999,-5,-3.8,0,9605,,9627
0,999,-5,-3.8,0,9621,,9644
0,999,-5,-3.9,0,9638,,9660
0,999,-5,-3.9,0,9654,,9677
0,999,-5,-3.9,0,9671,,9693
0,999,-5,-3.9,0,9687,,9710
0,999,-5,-3.8,0,9704,,9726
0,999,-5,-3.8,0,9720,,9743
0,999,-5,-3.9,0,9737,,9759
0,999,-5,-3.8,0,9753,,9776
0,999,-5,-3.9,0,9770,,9792
0,999,-5,-3.8,0,9786,,9809
0,999,-3.8,-3.2,0,9803,,9825
0,999,-2.8,-1.8,0,9819,,9842
0,999,-1,-0.1,0,9836,,9858
0,999,0.5,1.6,0,9853,,9875
0,999,1.8,3.4,0,9869,,9891
0,999,3.2,5,0,9886,,9908
0,999,4.6,6.7,0,9902,,9925
0,999,5.8,8.2,0,9919,,9941
0,999,7.2,9.9,0,9935,,9958
0,999,8.6,11.3,0,9952,,9974
0,999,10,12.7,0,9968,,9991
0,999,11.5,14,0,9985,,10007
0,999,13,15.3,0,10001,,10024
0,999,14.5,16.6,0,10018,,10040
0,999,15.8,17.8,0,10034,,10057
0,999,16.9,19,0,10051,,10073
0,999,18,20.4,0,10067,,10090
0,999,19.3,21.7,0,10084,,10107
0,999,21,23,0,10100,,10123
0,999,22.3,24.3,0,10117,,10140
0,999,23.7,25.6,0,10133,,10156
0,999,25.6,27,0,10150,,10173
0,999,26.6,28.4,0,10166,,10189
0,999,27.8,29.7,0,10183,,10206
0,999,29,31,0,10199,,10222
0,999,30.5,32.6,0,10216,,10239
0,999,32,33.9,0,10233,,10256
0,999,33.2,35.3,0,10249,,10272
0,999,34.8,36.6,0,10266,,10289
0,999,36,38,0,10282,,10306
0,999,37.5,39.4,0,10299,,10322
0,999,38.8,40.7,0,10315,,10339
0,999,40,42.3,0,10332,,10355
0,999,41.5,43.5,0,10348,,10372
0,999,43,45,0,10365,,10388
0,999,44.5,46.3,0,10381,,10405
0,999,45.7,47.6,0,10398,,10421
0,999,47,49.1,0,10414,,10438
0,999,48.9,50.5,0,10431,,10455
0,999,50.2,51.8,0,10447,,10471
0,999,51.5,53.2,0,10464,,10488
0,999,52.7,54.6,0,10480,,10504
0,999,54,56,0,10497,,10521
0,999,55.6,57.3,0,10513,,10537
0,999,57,58.8,0,10530,,10554
0,999,58.5,59.9,0,10546,,10570
0,999,60,61.1,0,10563,,10587
0,999,60,61.8,0,10579,,10604
0,999,60,61.8,0,10596,,10620
0,999,60,61.1,0,10613,,10637
0,999,60,60,0,10629,,10653
0,999,60,58.6,0,10646,,10670
0,999,60,57.6,0,10662,,10686
0,999,60,56.7,0,10679,,10703
0,999,60,56.5,0,10695,,10719
0,999,60,56.8,0,10712,,10736
0,999,60,57.4,0,10728,,10752
0,999,60,58.1,0,10745,,10769
0,999,60,58.9,0,10761,,10785
0,999,60,59.5,0,10778,,10802
0,999,60,60,0,10794,,10819
0,999,60,60.3,0,10811,,10835
0,999,60,60.4,0,10827,,10852
0,999,60,60.7,0,10844,,10868
0,999,60,60.9,0,10860,,10885
0,999,60,60.9,0,10877,,10902
0,999,60,61,0,10893,,10918
0,999,60,61.1,0,10910,,10935
0,999,60,61.1,0,10926,,10951
0,999,60,61.2,0,10943,,10968
0,999,60,61.1,0,10959,,10984
0,999,60,61.1,0,10976,,11001
0,999,60,61.1,0,10993,,11017
0,999,60,61.1,0,11009,,11034
0,999,60,61.1,0,11026,,11050
0,999,60,61,0,11042,,11067
0,999,60,60.9,0,11059,,11083
0,999,60,60.9,0,11075,,11100
0,999,60,60.9,0,11092,,11116
0,999,60,60.9,0,11108,,11133
0,999,60,60.8,0,11125,,11150
0,999,60,60.9,0,11141,,11166
0,999,60,60.9,0,11158,,11183
0,999,60,60.9,0,11174,,11200
0,999,60,60.9,0,11191,,11216
0,999,60,60.9,0,11207,,11233
0,999,60,61,0,11224,,11249
0,999,60,61,0,11240,,11266
0,999,60,61.1,0,11257,,11283
0,999,60,61,0,11273,,11299
0,999,60,61,0,11290,,11316
0,999,60,61,0,11306,,11332
0,999,60,61,0,11323,,11349
0,999,60,61,0,11340,,11366
0,999,60,61,0,11356,,11382
0,999,60,61.1,0,11373,,11399
0,999,60,61,0,11389,,11415
0,999,60,61,0,11406,,11432
0,999,60,61,0,11422,,11448
0,999,60,61,0,11439,,11465
0,999,60,61.1,0,11455,,11481
0,999,60,60.9,0,11472,,11498
0,999,58.8,60.7,0,11488,,11514
0,999,57,60.1,0,11505,,11532
0,999,55.5,59.3,0,11521,,11548
0,999,54,58.3,0,11538,,11565
0,999,52.5,57.3,0,11554,,11581
0,999,50.8,56.2,0,11571,,11598
0,999,49.5,55.1,0,11587,,11614
0,999,48,54.1,0,11604,,11631
0,999,46.5,52.7,0,11620,,11647
0,999,45.2,51.2,0,11637,,11664
0,999,43.8,49.4,0,11653,,11680
0,999,42.5,47.9,0,11670,,11697
0,999,40.9,46,0,11687,,11714
0,999,39.5,44.2,0,11703,,11730
0,999,38,42.2,0,11720,,11747
0,999,36.5,40.6,0,11736,,11763
0,999,35,38.9,0,11753,,11780
0,999,33.8,37.2,0,11769,,11796
0,999,32,35.6,0,11786,,11813
0,999,30.8,34.2,0,11802,,11829
0,999,29,32.9,0,11819,,11846
0,999,28,31.5,0,11835,,11862
0,999,26.5,30.1,0,11852,,11879
0,999,25.2,28.9,0,11868,,11896
0,999,23.8,28.3,0,11885,,11912
0,999,22.3,26.5,0,11901,,11929
0,999,21,25.3,0,11918,,11945
0,999,19,24.1,0,11934,,11962
0,999,18,23,0,11951,,11978
0,999,16.5,21.9,0,11967,,11995
0,999,15,20.6,0,11984,,12012
0,999,13.5,19.5,0,12000,,12028
0,999,12,18.4,0,12017,,12045
0,999,10.5,17.2,0,12033,,12061
0,999,9,16.1,0,12050,,12078
0,999,7.5,15.1,0,12067,,12094
0,999,6.2,14,0,12083,,12111
0,999,4.8,13,0,12100,,12127
0,999,3.5,12,0,12116,,12144
0,999,2,11,0,12133,,12160
0,999,0.8,10,0,12149,,12177
0,999,-0.9,9.1,0,12166,,12193
0,999,-2.2,8.2,0,12182,,12210
0,999,-3.5,7.3,0,12199,,12227
0,999,-4.8,6.4,0,12215,,12243
0,999,-4.9,5.4,0,12232,,12260
0,999,-5,4.6,0,12248,,12276
0,999,-5,3.7,0,12265,,12293
0,999,-5,2.8,0,12281,,12309
0,999,-5,1.8,0,12298,,12326
0,999,-5,0.9,0,12314,,12342
0,999,-5,0.1,0,12331,,12359
0,999,-5,-0.7,0,12347,,12375
0,999,-5,-1.5,0,12364,,12392
0,999,-5,-2.2,0,12380,,12408
0,999,-5,-2.7,0,12397,,12425
0,999,-5,-3,0,12414,,12442
0,999,-5,-3.1,0,12430,,12458
0,999,-5,-3.5,0,12447,,12475
0,999,-5,-3.7,0,12463,,12491
0,999,-5,-4.1,0,12480,,12508
0,999,-5,-4.4,0,12496,,12524
0,999,-5,-4.2,0,12513,,12541
0,999,-5,-4.4,0,12529,,12558
0,999,-5,-4.4,0,12546,,12574
0,999,-5,-4.3,0,12562,,12591
0,999,-5,-4.3,0,12579,,12607
0,999,-5,-4.2,0,12595,,12624
0,999,-5,-4.2,0,12612,,12641
0,999,-5,-4.2,0,12628,,12657
0,999,-5,-4.2,0,12645,,12674
0,999,-5,-4.2,0,12661,,12690
0,999,-5,-4,0,12678,,12707
0,999,-5,-4,0,12694,,12723
0,999,-5,-4,0,12711,,12740
0,999,-5,-3.9,0,12727,,12756
0,999,-5,-3.9,0,12744,,12773
0,999,-5,-3.9,0,12761,,12789
0,999,-5,-3.9,0,12777,,12806
0,999,-5,-3.9,0,12794,,12823
0,999,-5,-3.9,0,12810,,12839
0,999,-5,-3.9,0,12827,,12856
0,999,-5,-3.9,0,12843,,12872
0,999,-5,-3.9,0,12860,,12889
0,999,-5,-3.9,0,12876,,12905
0,999,-5,-3.9,0,12893,,12922
0,999,-5,-3.9,0,12909,,12938
0,999,-5,-3.8,0,12926,,12955
0,999,-5,-3.8,0,12942,,12972
0,999,-5,-3.8,0,12959,,12989
0,999,-5,-3.8,0,12975,,13005
0,999,-5,-3.8,0,12992,,13022
0,999,-5,-3.8,0,13008,,13038
0,999,-5,-3.8,0,13025,,13055
0,999,-5,-3.9,0,13041,,13071
0,999,-5,-3.9,0,13058,,13088
0,999,-5,-3.7,0,13074,,13104
0,999,-5,-3.7,0,13091,,13121
0,999,-5,-3.7,0,13108,,13137
0,999,-5,-3.8,0,13124,,13154
0,999,-5,-3.8,0,13141,,13170
0,999,-3.8,-3.6,0,13157,,13187
0,999,-2.8,-2.4,0,13174,,13204
0,999,-1,-0.9,0,13190,,13220
0,999,0.5,0.7,0,13207,,13237
0,999,1.8,2.6,0,13223,,13253
0,999,3.2,4.3,0,13240,,13270
0,999,4.6,6.1,0,13256,,13286
0,999,5.8,7.7,0,13273,,13303
0,999,7.2,9.3,0,13289,,13319
0,999,8.6,10.6,0,13306,,13336
0,999,10,12.1,0,13322,,13352
0,999,11.5,13.5,0,13339,,13369
0,999,13,14.7,0,13355,,13385
0,999,14.5,15.9,0,13372,,13402
0,999,15.8,17.2,0,13388,,13418
0,999,16.9,18.5,0,13405,,13435
0,999,18,19.8,0,13421,,13452
0,999,19.3,21,0,13438,,13468
0,999,21,22.4,0,13454,,13485
0,999,22.3,23.7,0,13471,,13501
0,999,23.7,24.9,0,13488,,13518
0,999,25.6,26.5,0,13504,,13534
0,999,26.6,27.6,0,13521,,13551
0,999,27.8,29.1,0,13537,,13567
0,999,29,30.4,0,13554,,13584
0,999,30.5,31.7,0,13570,,13600
0,999,32,33.2,0,13587,,13617
0,999,33.2,34.5,0,13603,,13634
0,999,34.8,35.9,0,13620,,13650
0,999,36,37.4,0,13636,,13667
0,999,37.5,38.7,0,13653,,13683
0,999,38.8,40.1,0,13669,,13700
0,999,40,41.4,0,13686,,13716
0,999,41.5,42.9,0,13702,,13733
0,999,43,44.2,0,13719,,13749
0,999,44.5,45.6,0,13735,,13766
0,999,45.7,47,0,13752,,13782
0,999,47,48.5,0,13768,,13799
0,999,48.9,49.9,0,13785,,13815
0,999,50.2,51.3,0,13801,,13832
0,999,51.5,52.7,0,13818,,13849
0,999,52.7,54,0,13835,,13865
0,999,54,55.3,0,13851,,13882
0,999,55.6,56.7,0,13868,,13898
0,999,57,58,0,13884,,13915
0,999,58.5,59.3,0,13901,,13931
0,999,59,60.6,0,13917,,13948
0,999,60,61.4,0,13934,,13964
0,999,60,61.9,0,13950,,13981
0,999,60,61.6,0,13967,,13997
0,999,60,60.6,0,13983,,14014
0,999,60,59.3,0,14000,,14030
0,999,60,57.9,0,14016,,14047
0,999,60,57.1,0,14033,,14063
0,999,60,56.5,0,14049,,14080
0,999,60,56.6,0,14066,,14097
0,999,60,57.1,0,14082,,14113
0,999,60,57.8,0,14099,,14130
0,999,60,58.5,0,14115,,14146
0,999,60,59.2,0,14132,,14163
0,999,60,59.8,0,14149,,14179
0,999,60,60.1,0,14166,,14196
0,999,60,60.5,0,14182,,14212
0,999,60,60.6,0,14199,,14229
0,999,60,60.7,0,14215,,14245
0,999,60,60.9,0,14232,,14262
0,999,60,61.1,0,14248,,14278
0,999,60,61.2,0,14265,,14295
0,999,60,61.2,0,14281,,14312
0,999,60,61.2,0,14298,,14328
0,999,60,61.2,0,14314,,14345
0,999,60,61.1,0,14331,,14361
0,999,60,61.1,0,14348,,14378
0,999,60,61,0,14364,,14394
0,999,60,61,0,14381,,14411
0,999,60,60.9,0,14397,,14427
0,999,60,60.9,0,14414,,14444
0,999,60,60.9,0,14430,,14460
0,999,60,60.9,0,14447,,14477
0,999,60,60.8,0,14463,,14493
0,999,60,61,0,14480,,14510
0,999,60,61,0,14496,,14526
0,999,60,61,0,14513,,14543
0,999,60,60.9,0,14529,,14559
0,999,60,60.9,0,14546,,14576
0,999,60,60.9,0,14562,,14592
0,999,60,61,0,14579,,14609
0,999,60,60.9,0,14595,,14626
0,999,60,61,0,14612,,14642
0,999,60,61,0,14628,,14659
0,999,60,61,0,14645,,14675
0,999,60,61,0,14661,,14692
0,999,60,61,0,14678,,14708
0,999,60,61,0,14695,,14725
0,999,60,61,0,14711,,14741
0,999,60,61,0,14728,,14758
0,999,60,61,0,14744,,14774
0,999,60,61.1,0,14761,,14791
0,999,60,61,0,14777,,14807
0,999,60,61,0,14794,,14824
0,999,60,61,0,14810,,14840
0,999,60,61,0,14827,,14857
0,999,58.8,60.8,0,14843,,14873
0,999,57,60.4,0,14860,,14890
0,999,55.5,59.7,0,14876,,14906
0,999,54,58.8,0,14893,,14923
0,999,52.5,57.7,0,14909,,14939
0,999,50.8,56.7,0,14926,,14956
0,999,49.5,55.7,0,14942,,14973
0,999,48,54.5,0,14959,,14989
0,999,46.5,53.4,0,14975,,15006
0,999,45.2,51.8,0,14992,,15022
0,999,43.8,50.3,0,15008,,15039
0,999,42.5,48.6,0,15025,,15055
0,999,40.9,46.8,0,15042,,15072
0,999,39.5,44.9,0,15058,,15088
0,999,38,43,0,15075,,15105
0,999,36.5,41.1,0,15091,,15121
0,999,35,39.3,0,15108,,15138
0,999,33.8,37.8,0,15124,,15155
0,999,32,36.1,0,15141,,15171
0,999,30.8,34.6,0,15157,,15188
0,999,29,33.2,0,15174,,15204
0,999,28,31.7,0,15190,,15221
0,999,26.5,30.4,0,15207,,15237
0,999,25.2,29.1,0,15223,,15254
0,999,23.8,27.8,0,15240,,15270
0,999,22.3,26.4,0,15256,,15287
0,999,21,25.2,0,15273,,15303
0,999,19,24.2,0,15289,,15320
0,999,18,23.1,0,15306,,15337
0,999,16.5,21.9,0,15322,,15353
0,999,15,20.8,0,15339,,15370
0,999,13.5,19.7,0,15355,,15386
0,999,12,18.6,0,15372,,15403
0,999,10.5,17.4,0,15388,,15419
0,999,9,16.4,0,15405,,15436
0,999,7.5,15.3,0,15422,,15452
0,999,6.2,14.1,0,15438,,15469
0,999,4.8,13.2,0,15455,,15485
0,999,3.5,12.4,0,15471,,15502
0,999,2,11.3,0,15488,,15519
0,999,0.8,10.2,0,15504,,15535
0,999,-0.9,9.2,0,15521,,15552
0,999,-2.2,8.2,0,15537,,15568
0,999,-3.5,7.2,0,15554,,15585
0,999,-4.8,6.4,0,15570,,15601
0,999,-4.9,5.4,0,15587,,15618
0,999,-5,4.5,0,15603,,15634
0,999,-5,3.5,0,15620,,15651
0,999,-5,2.6,0,15636,,15667
0,999,-5,1.8,0,15653,,15684
0,999,-5,0.8,0,15669,,15701
0,999,-5,0,0,15686,,15717
0,999,-5,-0.6,0,15702,,15734
0,999,-5,-1.3,0,15719,,15750
0,999,-5,-2.2,0,15735,,15767
0,999,-5,-2.7,0,15752,,15783
0,999,-5,-3,0,15769,,15800
0,999,-5,-3.2,0,15785,,15816
0,999,-5,-3.5,0,15802,,15833
0,999,-5,-3.7,0,15818,,15850
0,999,-5,-4.1,0,15835,,15866
0,999,-5,-4.4,0,15851,,15883
0,999,-5,-4.4,0,15868,,15900
0,999,-5,-4.5,0,15884,,15916
0,999,-5,-4.5,0,15901,,15933
0,999,-5,-4.3,0,15917,,15949
0,999,-5,-4.3,0,15934,,15966
0,999,-5,-4.4,0,15950,,15982
0,999,-5,-4.2,0,15967,,15999
0,999,-5,-4.3,0,15983,,16015
0,999,-5,-4,0,16000,,16032
0,999,-5,-4,0,16016,,16049
0,999,-5,-3.9,0,16033,,16065
0,999,-5,-3.9,0,16049,,16082
0,999,-5,-4,0,16066,,16098
0,999,-5,-4.1,0,16082,,16115
0,999,-5,-4.1,0,16099,,16131
0,999,-5,-4.1,0,16115,,16148
0,999,-5,-4.1,0,16132,,16164
0,999,-5,-3.9,0,16149,,16181
0,999,-5,-3.9,0,16165,,16197
0,999,-5,-3.8,0,16182,,16214
0,999,-5,-3.8,0,16198,,16231
0,999,-5,-3.8,0,16215,,16247
0,999,-5,-3.8,0,16231,,16264
0,999,-5,-3.9,0,16248,,16280
0,999,-5,-3.9,0,16264,,16297
0,999,-5,-3.8,0,16281,,16313
0,999,-5,-4,0,16297,,16330
0,999,-5,-3.8,0,16314,,16346
0,999,-5,-3.8,0,16330,,16363
0,999,-5,-3.8,0,16347,,16379
0,999,-5,-3.8,0,16363,,16396
0,999,-5,-3.8,0,16380,,16412
0,999,-5,-3.8,0,16396,,16429
0,999,-5,-3.8,0,16413,,16446
0,999,-5,-3.8,0,16429,,16462
0,999,-5,-3.8,0,16446,,16479
0,999,-5,-3.8,0,16462,,16495
0,999,-5,-3.8,0,16479,,16512
0,999,-5,-3.8,0,16495,,16528
0,999,-5,-3.8,0,16512,,16545
0,999,-3.8,-3,0,16528,,16561
0,999,-2.8,-1.6,0,16545,,16578
0,999,-1,0,0,16562,,16595
0,999,0.5,1.8,0,16578,,16611
0,999,1.8,3.6,0,16595,,16628
0,999,3.2,5.4,0,16611,,16644
0,999,4.6,7,0,16628,,16661
0,999,5.8,8.6,0,16644,,16677
0,999,7.2,10.1,0,16661,,16694
0,999,8.6,11.4,0,16677,,16710
0,999,10,12.8,0,16694,,16727
0,999,11.5,14.1,0,16710,,16743
0,999,13,15.4,0,16727,,16760
0,999,14.5,16.6,0,16743,,16777
0,999,15.8,17.9,0,16760,,16793
0,999,16.9,19.2,0,16776,,16810
0,999,18,20.4,0,16793,,16826
0,999,19.3,21.7,0,16809,,16843
0,999,21,23.1,0,16826,,16859
0,999,22.3,24.4,0,16843,,16876
0,999,23.7,25.8,0,16859,,16892
0,999,25.6,27.1,0,16876,,16909
0,999,26.6,28.6,0,16892,,16925
0,999,27.8,29.9,0,16909,,16942
0,999,29,31.2,0,16925,,16958
0,999,30.5,32.6,0,16942,,16975
0,999,32,33.9,0,16958,,16991
0,999,33.2,35.5,0,16975,,17008
0,999,34.8,36.8,0,16991,,17024
0,999,36,38.1,0,17008,,17041
0,999,37.5,39.6,0,17025,,17057
0,999,38.8,41.1,0,17041,,17074
0,999,40,42.3,0,17058,,17090
0,999,41.5,43.7,0,17074,,17107
0,999,43,45.1,0,17091,,17124
0,999,44.5,46.3,0,17107,,17140
0,999,45.7,47.8,0,17124,,17157
0,999,47,49.2,0,17140,,17173
0,999,48.9,50.5,0,17157,,17190
0,999,50.2,51.8,0,17173,,17206
0,999,51.5,53.3,0,17190,,17223
0,999,52.7,54.7,0,17206,,17239
0,999,54,56.1,0,17223,,17256
0,999,55.6,57.5,0,17239,,17272
0,999,57,58.8,0,17256,,17289
0,999,58.5,60.1,0,17272,,17306
0,999,60,61.2,0,17289,,17322
0,999,60,61.8,0,17305,,17339
0,999,60,61.8,0,17322,,17355
0,999,60,61,0,17338,,17372
0,999,60,59.8,0,17355,,17388
0,999,60,58.5,0,17371,,17405
0,999,60,57.4,0,17388,,17421
0,999,60,56.6,0,17405,,17438
0,999,60,56.5,0,17421,,17454
0,999,60,56.9,0,17438,,17471
0,999,60,57.6,0,17454,,17488
0,999,60,58.2,0,17471,,17504
0,999,60,59,0,17487,,17521
0,999,60,59.5,0,17504,,17537
0,999,60,59.9,0,17520,,17554
0,999,60,60.3,0,17537,,17570
0,999,60,60.5,0,17553,,17587
0,999,60,60.7,0,17570,,17603
0,999,60,60.8,0,17586,,17620
0,999,60,61,0,17603,,17637
0,999,60,61.1,0,17619,,17653
0,999,60,61.2,0,17636,,17670
0,999,60,61.1,0,17652,,17686
0,999,60,61.1,0,17669,,17703
0,999,60,61.1,0,17685,,17719
0,999,60,61.1,0,17702,,17736
0,999,60,61.1,0,17718,,17752
0,999,60,61,0,17735,,17769
0,999,60,61,0,17751,,17785
0,999,60,61,0,17768,,17802
0,999,60,60.9,0,17784,,17818
0,999,60,61,0,17801,,17835
0,999,60,60.9,0,17817,,17852
0,999,60,61,0,17834,,17868
0,999,60,60.8,0,17851,,17885
0,999,60,61,0,17867,,17901
0,999,60,60.8,0,17884,,17918
0,999,60,60.9,0,17900,,17934
0,999,60,60.9,0,17917,,17951
0,999,60,60.9,0,17933,,17967
0,999,60,60.9,0,17950,,17984
0,999,60,60.9,0,17966,,18000
0,999,60,61.1,0,17983,,18017
0,999,60,60.9,0,17999,,18033
0,999,60,61,0,18016,,18050
0,999,60,61,0,18032,,18067
0,999,60,61,0,18049,,18083
0,999,60,61,0,18065,,18100
0,999,60,61,0,18082,,18116
0,999,60,61,0,18098,,18133
0,999,60,61,0,18115,,18149
0,999,60,61,0,18131,,18166
0,999,60,61,0,18148,,18182
0,999,60,61,0,18164,,18199
0,999,60,61,0,18181,,18215
0,999,58.8,60.9,0,18197,,18232
0,999,57,60.6,0,18214,,18248
0,999,55.5,60,0,18230,,18265
0,999,54,59.2,0,18247,,18281
0,999,52.5,58.2,0,18264,,18298
0,999,50.8,57.2,0,18280,,18314
0,999,49.5,56,0,18297,,18331
0,999,48,55,0,18313,,18347
0,999,46.5,53.9,0,18330,,18364
0,999,45.2,52.6,0,18346,,18381
0,999,43.8,51.1,0,18363,,18397
0,999,42.5,49.4,0,18379,,18414
0,999,40.9,47.7,0,18396,,18430
0,999,39.5,45.9,0,18412,,18447
0,999,38,44,0,18429,,18463
0,999,36.5,42.2,0,18445,,18480
0,999,35,40.3,0,18462,,18496
0,999,33.8,38.7,0,18478,,18513
0,999,32,37.1,0,18495,,18529
0,999,30.8,35.4,0,18511,,18546
0,999,29,33.9,0,18528,,18563
0,999,28,32.4,0,18544,,18579
0,999,26.5,30.9,0,18561,,18596
0,999,25.2,29.7,0,18577,,18612
0,999,23.8,28.5,0,18594,,18629
0,999,22.3,27,0,18610,,18646
0,999,21,25.8,0,18627,,18662
0,999,19,24.5,0,18643,,18679
0,999,18,23.4,0,18660,,18695
0,999,16.5,22.2,0,18677,,18712
0,999,15,21,0,18693,,18728
0,999,13.5,19.9,0,18710,,18745
0,999,12,18.8,0,18726,,18762
0,999,10.5,17.7,0,18743,,18778
0,999,9,16.6,0,18759,,18795
0,999,7.5,15.5,0,18776,,18811
0,999,6.2,14.7,0,18792,,18828
0,999,4.8,13.6,0,18809,,18844
0,999,3.5,12.6,0,18825,,18861
0,999,2,11.6,0,18842,,18877
0,999,0.8,10.5,0,18858,,18894
0,999,-0.9,9.7,0,18875,,18911
0,999,-2.2,8.5,0,18891,,18927
0,999,-3.5,7.7,0,18908,,18944
0,999,-4.7,6.7,0,18924,,18960
0,999,-4.8,5.8,0,18941,,18977
0,999,-4.9,4.9,0,18957,,18993
0,999,-5,4,0,18974,,19010
0,999,-5,3.3,0,18990,,19027
0,999,-5,2.3,0,19007,,19043
0,999,-5,1.3,0,19023,,19060
0,999,-5,0.5,0,19040,,19076
0,999,-5,-0.2,0,19057,,19093
0,999,-5,-1,0,19073,,19109
0,999,-5,-1.9,0,19090,,19126
0,999,-5,-2.5,0,19106,,19142
0,999,-5,-2.8,0,19123,,19159
0,999,-5,-3.1,0,19139,,19175
0,999,-5,-3.3,0,19156,,19192
0,999,-5,-3.6,0,19172,,19209
0,999,-5,-4,0,19189,,19225
0,999,-5,-4.2,0,19205,,19242
0,999,-5,-4.3,0,19222,,19258
0,999,-5,-4.4,0,19238,,19275
0,999,-5,-4.5,0,19255,,19291
0,999,-5,-4.4,0,19271,,19308
0,999,-5,-4.3,0,19288,,19324
0,999,-5,-4.3,0,19304,,19341
0,999,-5,-4.2,0,19321,,19357
0,999,-5,-4.1,0,19337,,19374
0,999,-5,-4.1,0,19354,,19390
0,999,-5,-4.2,0,19370,,19407
0,999,-5,-4.3,0,19387,,19423
0,999,-5,-4.2,0,19403,,19440
0,999,-5,-4,0,19420,,19457
0,999,-5,-4.1,0,19436,,19473
0,999,-5,-3.9,0,19453,,19490
0,999,-5,-3.9,0,19470,,19506
0,999,-5,-4,0,19486,,19523
0,999,-5,-3.8,0,19503,,19539
0,999,-5,-3.8,0,19519,,19556
0,999,-5,-3.7,0,19536,,19572
0,999,-5,-3.8,0,19552,,19589
0,999,-5,-3.7,0,19569,,19605
0,999,-5,-3.9,0,19585,,19622
0,999,-5,-3.9,0,19602,,19639
0,999,-5,-4,0,19618,,19655
0,999,-5,-3.9,0,19635,,19672
0,999,-5,-3.7,0,19651,,19688
0,999,-5,-3.8,0,19668,,19705
0,999,-5,-3.7,0,19684,,19722
0,999,-5,-3.8,0,19701,,19738
0,999,-5,-3.9,0,19717,,19755
0,999,-5,-4,0,19734,,19771
0,999,-5,-4,0,19750,,19788
0,999,-5,-3.9,0,19767,,19804
0,999,-5,-3.9,0,19783,,19821
0,999,-5,-3.7,0,19800,,19838
0,999,-5,-3.6,0,19816,,19854
0,999,-5,-3.8,0,19833,,19871
0,999,-5,-3.8,0,19849,,19887
0,999,-5,-3.8,0,19866,,19904
0,999,-5,-3.8,0,19883,,19920
0,999,-5,-3.7,0,19899,,19937
0,999,-5,-3.7,0,19916,,19953
0,999,-5,-3.7,0,19932,,19970
0,999,-5,-3.8,0,19949,,19986
0,999,-5,-3.8,0,19965,,20003
0,999,-5,-3.8,0,19982,,20019
0,999,-5,-3.9,0,19998,,20036
0,999,-5,-3.9,0,20015,,20053
0,999,-5,-3.8,0,20031,,20069
0,999,-5,-3.9,0,20048,,20086
0,999,-5,-3.9,0,20064,,20102
0,999,-5,-3.7,0,20081,,20119
0,999,-5,-3.8,0,20097,,20135
0,999,-5,-3.8,0,20114,,20152
0,999,-5,-3.8,0,20130,,20168
0,999,-5,-3.6,0,20147,,20185
0,999,-5,-3.7,0,20163,,20201
0,999,-5,-3.8,0,20180,,20218
0,999,-5,-3.8,0,20196,,20234
0,999,-5,-3.9,0,20213,,20251
0,999,-5,-3.8,0,20229,,20268
0,999,-5,-3.9,0,20246,,20284
0,999,-5,-3.8,0,20262,,20301
0,999,-5,-3.8,0,20279,,20317
0,999,-5,-3.7,0,20296,,20334
0,999,-5,-3.7,0,20312,,20350
0,999,-5,-3.7,0,20329,,20367
0,999,-5,-3.7,0,20345,,20384
0,999,-5,-3.7,0,20362,,20400
0,999,-5,-3.6,0,20378,,20417
0,999,-5,-3.7,0,20395,,20433
0,999,-5,-3.7,0,20411,,20450
0,999,-5,-3.7,0,20428,,20466
0,999,-5,-3.7,0,20444,,20483
0,999,-5,-3.7,0,20461,,20499
0,999,-5,-3.8,0,20477,,20516
0,999,-5,-3.8,0,20494,,20532
0,999,-5,-3.7,0,20510,,20549
0,999,-5,-3.7,0,20527,,20566
0,999,-5,-3.8,0,20543,,20582
0,999,-5,-3.8,0,20560,,20599
0,999,-5,-3.8,0,20576,,20615
0,999,-5,-3.8,0,20593,,20632
0,999,-5,-3.8,0,20609,,20648
0,999,-5,-3.8,0,20626,,20665
0,999,-5,-3.8,0,20643,,20681
0,999,-5,-3.9,0,20659,,20698
0,999,-5,-3.8,0,20676,,20714
0,999,-5,-3.8,0,20692,,20731
0,999,-5,-3.8,0,20709,,20747
0,999,-5,-3.8,0,20725,,20764
0,999,-5,-3.8,0,20742,,20780
0,999,-5,-3.8,0,20758,,20797
0,999,-5,-3.8,0,20775,,20814
0,999,-3.8,-2.9,0,20791,,20830
0,999,-2.8,-1.5,0,20808,,20847
0,999,-1,0.2,0,20824,,20863
0,999,0.5,1.9,0,20841,,20880
0,999,1.8,3.6,0,20857,,20896
0,999,3.2,5.4,0,20874,,20913
0,999,4.6,7,0,20890,,20929
0,999,5.8,8.6,0,20907,,20946
0,999,7.2,10.2,0,20923,,20962
0,999,8.6,11.7,0,20940,,20979
0,999,10,12.9,0,20956,,20996
0,999,11.5,14.3,0,20973,,21012
0,999,13,15.5,0,20989,,21029
0,999,14.5,16.7,0,21006,,21045
0,999,15.8,18.1,0,21023,,21062
0,999,16.9,19.3,0,21039,,21079
0,999,18,20.6,0,21056,,21095
0,999,19.3,21.8,0,21072,,21112
0,999,21,23.3,0,21089,,21128
0,999,22.3,24.5,0,21105,,21145
0,999,23.7,25.8,0,21122,,21161
0,999,25.6,27.8,0,21138,,21178
0,999,26.6,28.5,0,21155,,21194
0,999,27.8,29.8,0,21171,,21211
0,999,29,31.3,0,21188,,21227
0,999,30.5,32.6,0,21204,,21244
0,999,32,34,0,21221,,21261
0,999,33.2,35.4,0,21237,,21277
0,999,34.8,36.8,0,21254,,21294
0,999,36,38.1,0,21270,,21310
0,999,37.5,39.6,0,21287,,21327
0,999,38.8,41,0,21303,,21343
0,999,40,42.4,0,21320,,21360
0,999,41.5,43.6,0,21336,,21376
0,999,43,45.2,0,21353,,21393
0,999,44.5,46.6,0,21369,,21409
0,999,45.7,47.9,0,21386,,21426
0,999,47,49.3,0,21402,,21443
0,999,48.9,50.7,0,21419,,21459
0,999,50.2,52.1,0,21436,,21476
0,999,51.5,53.4,0,21452,,21492
0,999,52.7,54.7,0,21469,,21509
0,999,54,56,0,21485,,21525
0,999,55.6,57.4,0,21502,,21542
0,999,57,58.7,0,21518,,21558
0,999,58.5,60.1,0,21535,,21575
0,999,60,61.3,0,21551,,21591
0,999,60,61.9,0,21568,,21608
0,999,60,61.8,0,21584,,21624
0,999,60,61.2,0,21601,,21641
0,999,60,60,0,21617,,21657
0,999,60,58.5,0,21634,,21674
0,999,60,57.5,0,21650,,21690
0,999,60,56.8,0,21667,,21707
0,999,60,56.4,0,21683,,21723
0,999,60,56.7,0,21700,,21740
0,999,60,57.4,0,21716,,21756
0,999,60,58,0,21733,,21773
0,999,60,58.7,0,21749,,21790
0,999,60,59.4,0,21766,,21806
0,999,60,59.9,0,21782,,21823
0,999,60,60.1,0,21799,,21839
0,999,60,60.5,0,21815,,21856
0,999,60,60.6,0,21832,,21872
0,999,60,60.7,0,21848,,21889
0,999,60,60.8,0,21865,,21905
0,999,60,61,0,21882,,21922
0,999,60,61.1,0,21898,,21938
0,999,60,61.1,0,21915,,21955
0,999,60,61.1,0,21931,,21972
0,999,60,61.1,0,21948,,21988
0,999,60,61.1,0,21964,,22005
0,999,60,61.1,0,21981,,22021
0,999,60,61,0,21997,,22038
0,999,60,61,0,22014,,22054
0,999,60,61,0,22030,,22071
0,999,60,60.9,0,22047,,22087
0,999,60,60.9,0,22063,,22104
0,999,60,60.9,0,22080,,22120
0,999,60,60.9,0,22096,,22137
0,999,60,60.9,0,22113,,22153
0,999,60,60.9,0,22129,,22170
0,999,60,60.9,0,22146,,22187
0,999,60,60.9,0,22162,,22203
0,999,60,60.9,0,22179,,22220
0,999,60,61,0,22195,,22236
0,999,60,61,0,22212,,22253
0,999,60,60.8,0,22228,,22269
0,999,60,60.9,0,22245,,22286
0,999,60,60.9,0,22262,,22302
0,999,60,60.9,0,22278,,22319
0,999,60,60.9,0,22295,,22335
0,999,60,61,0,22311,,22352
0,999,60,61,0,22328,,22368
0,999,60,60.9,0,22344,,22385
0,999,60,61,0,22361,,22401
0,999,60,61,0,22377,,22418
0,999,60,61,0,22394,,22434
0,999,60,61,0,22410,,22451
0,999,60,61,0,22427,,22467
0,999,60,61,0,22443,,22484
0,999,60,61,0,22460,,22500
0,999,60,61,0,22476,,22517
0,999,60,60.9,0,22493,,22534
0,999,60,60.9,0,22509,,22550
0,999,60,60.9,0,22526,,22567
0,999,60,60.9,0,22542,,22583
0,999,60,60.9,0,22559,,22600
0,999,60,60.9,0,22575,,22616
0,999,60,60.9,0,22592,,22633
0,999,60,60.9,0,22608,,22649
0,999,60,60.8,0,22625,,22666
0,999,60,60.9,0,22642,,22682
0,999,60,60.9,0,22658,,22699
0,999,60,61,0,22675,,22716
0,999,60,61,0,22691,,22732
0,999,60,60.9,0,22708,,22749
0,999,60,60.9,0,22724,,22765
0,999,60,60.9,0,22741,,22782
0,999,60,60.9,0,22757,,22799
0,999,60,60.9,0,22774,,22815
0,999,60,60.9,0,22790,,22832
0,999,60,60.9,0,22807,,22848
0,999,60,60.9,0,22823,,22865
0,999,60,60.9,0,22840,,22881
0,999,60,60.9,0,22856,,22898
0,999,60,60.9,0,22873,,22914
0,999,60,60.8,0,22889,,22931
0,999,60,60.9,0,22906,,22947
0,999,60,60.9,0,22922,,22964
0,999,60,60.9,0,22939,,22981
0,999,60,60.9,0,22955,,22997
0,999,60,60.9,0,22972,,23014
0,999,60,61,0,22988,,23030
0,999,60,61,0,23005,,23047
0,999,60,61,0,23022,,23064
0,999,60,61,0,23038,,23080
0,999,60,61,0,23055,,23097
0,999,60,61,0,23071,,23113
0,999,60,60.9,0,23088,,23130
0,999,60,60.9,0,23104,,23146
0,999,60,60.9,0,23121,,23163
0,999,60,60.9,0,23137,,23179
0,999,60,60.8,0,23154,,23196
0,999,60,60.9,0,23170,,23212
0,999,60,60.8,0,23187,,23229
0,999,60,60.9,0,23203,,23245
0,999,60,60.9,0,23220,,23262
0,999,60,60.9,0,23236,,23279
0,999,60,60.9,0,23253,,23295
0,999,60,60.9,0,23269,,23312
0,999,60,60.8,0,23286,,23328
0,999,60,60.8,0,23302,,23345
0,999,60,60.8,0,23319,,23361
0,999,60,60.8,0,23335,,23378
0,999,60,60.8,0,23352,,23394
0,999,58.8,60.7,0,23368,,23411
0,999,57,60.3,0,23385,,23427
0,999,55.5,59.6,0,23401,,23444
0,999,54,58.7,0,23418,,23461
0,999,52.5,57.8,0,23435,,23477
0,999,50.8,56.9,0,23451,,23494
0,999,49.5,55.9,0,23468,,23510
0,999,48,55,0,23484,,23527
0,999,46.5,53.9,0,23501,,23543
0,999,45.2,53.1,0,23517,,23560
0,999,43.8,52.3,0,23534,,23576
0,999,42.5,51.5,0,23550,,23593
0,999,40.9,50.7,0,23567,,23609
0,999,39.5,50,0,23583,,23626
0,999,38,49.3,0,23600,,23642
0,999,36.5,48.6,0,23616,,23659
0,999,35,47.8,0,23633,,23675
0,999,33.8,47.2,0,23649,,23692
0,999,32,46.5,0,23666,,23708
0,999,30.8,45.9,0,23682,,23725
0,999,29,45.2,0,23699,,23741
0,999,28,44.5,0,23715,,23758
0,999,26.5,43.9,0,23732,,23774
0,999,25.2,43.4,0,23748,,23791
0,999,25,42.7,0,23765,,23807
0,999,25,42.2,0,23781,,23824
0,999,25,41.4,0,23798,,23841
0,999,25,41,0,23815,,23857
0,999,25,40.4,0,23831,,23874
0,999,25,39.8,0,23848,,23890
0,999,25,39.2,0,23864,,23907
0,999,25,38.6,0,23881,,23923
0,999,25,38.2,0,23897,,23940
0,999,25,37.7,0,23914,,23956
0,999,25,37.1,0,23930,,23973
0,999,25,36.5,0,23947,,23989
0,999,25,35.9,0,23963,,24006
0,999,25,35.5,0,23980,,24022
0,999,25,34.9,0,23996,,24039
0,999,25,34.4,0,24013,,24056
0,999,25,33.9,0,24029,,24072
0,999,25,33.5,0,24046,,24089
0,999,25,32.9,0,24062,,24105
0,999,25,32.4,0,24079,,24122
0,999,25,31.9,0,24095,,24138
0,999,25,31.4,0,24112,,24155
0,999,25,31,0,24128,,24171
0,999,25,30.5,0,24145,,24188
0,999,25,30,0,24162,,24204
0,999,25,29.5,0,24178,,24221
0,999,25,29.1,0,24195,,24237
0,999,25,28.6,0,24211,,24263
0,999,25,28.1,0,24228,,24280
0,999,25,27.6,0,24244,,24296
0,999,25,27.1,0,24261,,24313
0,999,25,26.7,0,24277,,24329
0,999,25,26.2,0,24294,,24346
0,999,25,25.9,0,24310,,24362
0,999,25,25.6,0,24327,,24379
0,999,25,25.4,0,24343,,24395
0,999,25,25.3,0,24360,,24412
0,999,25,25.3,0,24376,,24429
0,999,25,25.4,0,24393,,24445
0,999,25,25.4,0,24409,,24462
0,999,25,25.4,0,24426,,24478
0,999,25,25.6,0,24442,,24495
0,999,25,25.6,0,24459,,24511
0,999,25,25.7,0,24475,,24528
0,999,25,25.7,0,24492,,24544
0,999,25,25.7,0,24508,,24561
0,999,25,25.8,0,24525,,24577
0,999,25,25.8,0,24542,,24594
0,999,25,25.8,0,24558,,24611
0,999,25,25.7,0,24575,,24627
0,999,25,25.9,0,24591,,24644
0,999,25,25.9,0,24608,,24660
0,999,25,25.9,0,24624,,24677
0,999,25,25.9,0,24641,,24693
0,999,25,25.9,0,24657,,24710
0,999,25,25.9,0,24674,,
0,999,25,25.9,0,24690,,
